,aces,break_point_opp_loss,break_point_opp_total,doubfts,first_serve_in,first_serves_won,rt_games_total,service_games,svpt_total,total_brk_faced,total_brk_saved,ace_pct,df_pct,first_serve_won_pct,broken_pct,breaking_pct,break_conversion_pct,win_pct_grass,win_pct_clay,win_pct_hard,Left_hand_win_pct,right_hand_win_pct
Abdullah Maqdas,5.0,23.0,32.0,4.0,247.0,149.0,46.0,46.0,316.0,33.0,19.0,0.015822784810126583,0.012658227848101266,0.6032388663967612,0.30434782608695654,0.1956521739130435,0.28125,0.0,0.0,0.0,0.0,0.0
Adam Hornby,2.0,2.0,3.0,7.0,53.0,30.0,13.0,13.0,82.0,11.0,4.0,0.024390243902439025,0.08536585365853659,0.5660377358490566,0.5384615384615384,0.07692307692307693,0.3333333333333333,0.0,0.0,0.0,0.0,0.0
Adam Pavlasek,45.0,17.0,32.0,23.0,292.0,197.0,49.0,48.0,497.0,58.0,28.0,0.09054325955734406,0.04627766599597585,0.6746575342465754,0.625,0.30612244897959184,0.46875,0.5,0.0,0.0,0.0,0.16666666666666666
Aditya Hari Sasongko,3.0,3.0,4.0,3.0,53.0,32.0,13.0,13.0,79.0,14.0,8.0,0.0379746835443038,0.0379746835443038,0.6037735849056604,0.46153846153846156,0.07692307692307693,0.25,0.0,0.0,0.0,0.0,0.0
Adrian Mannarino,246.0,242.0,432.0,143.0,2809.0,1930.0,588.0,586.0,4667.0,390.0,226.0,0.052710520677094495,0.03064066852367688,0.6870772516909932,0.27986348122866894,0.3231292517006803,0.4398148148148148,0.6153846153846154,0.3333333333333333,0.5609756097560976,0.5555555555555556,0.5490196078431373
Adrian Menendez Maceiras,30.0,27.0,41.0,10.0,295.0,206.0,48.0,46.0,484.0,36.0,16.0,0.06198347107438017,0.02066115702479339,0.6983050847457627,0.43478260869565216,0.2916666666666667,0.34146341463414637,0.5,0.0,0.3333333333333333,0.0,0.2
Adrian Ungur,7.0,10.0,18.0,4.0,164.0,106.0,37.0,37.0,250.0,22.0,15.0,0.028,0.016,0.6463414634146342,0.1891891891891892,0.21621621621621623,0.4444444444444444,0.0,0.0,0.0,0.0,0.5
Adrien Bossel,3.0,0.0,0.0,2.0,42.0,30.0,11.0,10.0,76.0,10.0,8.0,0.039473684210526314,0.02631578947368421,0.7142857142857143,0.2,0.0,0.0,0.0,0.0,0.0,0.0,0.0
Agustin Velotti,8.0,7.0,9.0,1.0,37.0,26.0,14.0,13.0,75.0,3.0,1.0,0.10666666666666667,0.013333333333333334,0.7027027027027027,0.15384615384615385,0.14285714285714285,0.2222222222222222,0.0,0.0,0.0,0.0,0.0
Aisam Ul Haq Qureshi,64.0,19.0,34.0,20.0,172.0,151.0,51.0,53.0,297.0,11.0,8.0,0.21548821548821548,0.06734006734006734,0.877906976744186,0.05660377358490566,0.29411764705882354,0.4411764705882353,0.5,0.0,1.0,0.0,0.5
Akira Santillan,40.0,17.0,33.0,20.0,235.0,168.0,69.0,72.0,441.0,30.0,13.0,0.09070294784580499,0.045351473922902494,0.7148936170212766,0.2361111111111111,0.2318840579710145,0.48484848484848486,0.5,0.0,0.25,0.0,0.2857142857142857
Albert Montanes,3.0,6.0,11.0,4.0,70.0,45.0,18.0,18.0,131.0,20.0,13.0,0.022900763358778626,0.030534351145038167,0.6428571428571429,0.3888888888888889,0.2777777777777778,0.45454545454545453,0.0,0.5,0.0,0.0,1.0
Albert Ramos,303.0,314.0,517.0,170.0,3508.0,2391.0,703.0,695.0,5721.0,488.0,300.0,0.0529627687467226,0.02971508477538892,0.6815849486887116,0.27050359712230215,0.2887624466571835,0.39264990328820115,0.5,0.6285714285714286,0.38461538461538464,0.5,0.5185185185185185
Alberto Emmanuel Alvarado Larin,1.0,6.0,12.0,6.0,129.0,58.0,26.0,24.0,177.0,35.0,18.0,0.005649717514124294,0.03389830508474576,0.4496124031007752,0.7083333333333334,0.23076923076923078,0.5,0.0,0.0,0.0,0.0,0.0
Alberto Lim,12.0,15.0,29.0,15.0,220.0,135.0,52.0,52.0,335.0,35.0,18.0,0.03582089552238806,0.04477611940298507,0.6136363636363636,0.3269230769230769,0.2692307692307692,0.4827586206896552,0.0,0.0,0.0,0.0,0.0
Aldin Setkic,1.0,0.0,0.0,3.0,30.0,10.0,8.0,7.0,52.0,16.0,12.0,0.019230769230769232,0.057692307692307696,0.3333333333333333,0.5714285714285714,0.0,0.0,0.0,0.0,0.0,0.0,0.0
Alejandro Falla,2.0,11.0,18.0,4.0,81.0,51.0,20.0,19.0,137.0,17.0,10.0,0.014598540145985401,0.029197080291970802,0.6296296296296297,0.3684210526315789,0.35,0.3888888888888889,0.0,0.5,0.0,0.5,0.0
Alejandro Gonzalez,6.0,3.0,7.0,11.0,93.0,55.0,25.0,25.0,161.0,18.0,7.0,0.037267080745341616,0.06832298136645963,0.5913978494623656,0.44,0.16,0.5714285714285714,0.0,0.0,0.0,0.0,0.0
Aleksandr Nedovyesov,9.0,1.0,4.0,4.0,47.0,32.0,13.0,13.0,77.0,8.0,3.0,0.11688311688311688,0.05194805194805195,0.6808510638297872,0.38461538461538464,0.23076923076923078,0.75,0.0,0.0,0.0,0.0,0.0
Alessandro Bega,4.0,5.0,7.0,3.0,47.0,33.0,12.0,12.0,70.0,5.0,1.0,0.05714285714285714,0.04285714285714286,0.7021276595744681,0.3333333333333333,0.16666666666666666,0.2857142857142857,0.0,0.0,0.0,0.0,0.0
Alessandro Giannessi,66.0,72.0,110.0,57.0,868.0,567.0,168.0,170.0,1329.0,148.0,98.0,0.04966139954853273,0.04288939051918736,0.6532258064516129,0.29411764705882354,0.2261904761904762,0.34545454545454546,0.0,0.5555555555555556,0.16666666666666666,0.5,0.3333333333333333
Alex Bolt,25.0,11.0,15.0,7.0,98.0,66.0,27.0,26.0,162.0,14.0,5.0,0.15432098765432098,0.043209876543209874,0.673469387755102,0.34615384615384615,0.14814814814814814,0.26666666666666666,0.0,0.0,0.0,0.0,0.0
Alex De Minaur,22.0,26.0,37.0,27.0,357.0,225.0,65.0,64.0,583.0,69.0,36.0,0.03773584905660377,0.04631217838765009,0.6302521008403361,0.515625,0.16923076923076924,0.2972972972972973,0.0,0.0,0.3333333333333333,0.5,0.2
Alexandar Lazarov,1.0,5.0,7.0,5.0,29.0,17.0,10.0,10.0,54.0,4.0,0.0,0.018518518518518517,0.09259259259259259,0.5862068965517241,0.4,0.2,0.2857142857142857,0.0,0.0,0.0,0.0,0.0
Alexander Bublik,84.0,27.0,42.0,37.0,283.0,212.0,65.0,66.0,488.0,41.0,20.0,0.1721311475409836,0.07581967213114754,0.7491166077738516,0.3181818181818182,0.23076923076923078,0.35714285714285715,0.0,0.0,0.6,1.0,0.4
Alexander Merino,2.0,0.0,0.0,3.0,24.0,14.0,8.0,7.0,43.0,7.0,3.0,0.046511627906976744,0.06976744186046512,0.5833333333333334,0.5714285714285714,0.0,0.0,0.0,0.0,0.0,0.0,0.0
Alexander Ward,3.0,1.0,2.0,5.0,68.0,43.0,0.0,0.0,103.0,15.0,9.0,0.02912621359223301,0.04854368932038835,0.6323529411764706,inf,inf,0.5,0.0,0.0,0.0,0.0,0.0
Alexander Zverev,648.0,273.0,497.0,274.0,3899.0,2907.0,839.0,850.0,6104.0,414.0,267.0,0.10615989515072084,0.04488859764089122,0.74557578866376,0.17294117647058824,0.266984505363528,0.4507042253521127,0.75,0.8,0.6666666666666666,0.6,0.7313432835820896
Alexandr Dolgopolov,318.0,167.0,277.0,138.0,2047.0,1524.0,461.0,469.0,3637.0,274.0,164.0,0.08743469892768765,0.0379433599120154,0.7445041524181729,0.2345415778251599,0.2386117136659436,0.3971119133574007,0.3333333333333333,0.631578947368421,0.48148148148148145,0.4,0.5641025641025641
Alexandre Muller,4.0,9.0,16.0,5.0,94.0,64.0,0.0,0.0,162.0,20.0,13.0,0.024691358024691357,0.030864197530864196,0.6808510638297872,inf,inf,0.4375,0.0,0.0,0.0,0.0,0.0
Alexios Halebian,6.0,6.0,6.0,1.0,34.0,23.0,10.0,9.0,56.0,5.0,3.0,0.10714285714285714,0.017857142857142856,0.6764705882352942,0.2222222222222222,0.0,0.0,0.0,0.0,0.0,0.0,0.0
Aljaz Bedene,293.0,159.0,255.0,75.0,1659.0,1246.0,350.0,349.0,2798.0,204.0,116.0,0.10471765546819156,0.026804860614724802,0.7510548523206751,0.2521489971346705,0.2742857142857143,0.3764705882352941,0.6666666666666666,0.6,0.375,0.25,0.53125
Altug Celikbilek,11.0,6.0,10.0,3.0,96.0,65.0,26.0,26.0,164.0,14.0,8.0,0.06707317073170732,0.018292682926829267,0.6770833333333334,0.23076923076923078,0.15384615384615385,0.4,0.0,0.0,0.0,0.0,0.0
Amine Ahouda,3.0,8.0,12.0,10.0,113.0,74.0,33.0,31.0,201.0,17.0,8.0,0.014925373134328358,0.04975124378109453,0.6548672566371682,0.2903225806451613,0.12121212121212122,0.3333333333333333,0.0,0.5,0.0,0.0,0.3333333333333333
Andreas Haider Maurer,16.0,4.0,5.0,17.0,119.0,72.0,8.0,9.0,225.0,32.0,19.0,0.07111111111111111,0.07555555555555556,0.6050420168067226,1.4444444444444444,0.125,0.2,0.0,0.0,0.0,0.0,0.0
Andreas Seppi,275.0,141.0,246.0,96.0,1737.0,1274.0,403.0,403.0,3087.0,286.0,177.0,0.08908325234855848,0.031098153547133137,0.7334484743811168,0.2704714640198511,0.26054590570719605,0.4268292682926829,0.625,0.4,0.5,0.16666666666666666,0.5666666666666667
Andrej Martin,8.0,9.0,20.0,8.0,158.0,95.0,34.0,34.0,239.0,30.0,20.0,0.03347280334728033,0.03347280334728033,0.6012658227848101,0.29411764705882354,0.3235294117647059,0.55,0.0,0.3333333333333333,0.0,0.0,0.3333333333333333
Andrew Whittington,32.0,14.0,22.0,24.0,189.0,148.0,33.0,34.0,342.0,26.0,19.0,0.0935672514619883,0.07017543859649122,0.783068783068783,0.20588235294117646,0.24242424242424243,0.36363636363636365,0.0,0.0,0.5,0.0,0.5
Andrey Kuznetsov,177.0,162.0,251.0,107.0,1613.0,1163.0,384.0,377.0,2811.0,237.0,135.0,0.06296691568836713,0.03806474564212024,0.7210167389956602,0.27055702917771884,0.23177083333333334,0.3545816733067729,0.0,0.5294117647058824,0.29411764705882354,0.5714285714285714,0.35714285714285715
Andrey Rublev,168.0,144.0,260.0,129.0,1746.0,1215.0,309.0,303.0,3002.0,289.0,174.0,0.05596269153897402,0.04297135243171219,0.6958762886597938,0.3795379537953795,0.37540453074433655,0.4461538461538462,0.6,0.625,0.47619047619047616,0.25,0.5517241379310345
Andy Murray,201.0,164.0,314.0,98.0,1796.0,1296.0,279.0,286.0,3018.0,226.0,126.0,0.06660039761431412,0.032471835652750164,0.7216035634743875,0.34965034965034963,0.5376344086021505,0.47770700636942676,0.6666666666666666,0.6428571428571429,0.8,0.75,0.7037037037037037
Anil Yuksel,2.0,2.0,5.0,4.0,90.0,54.0,23.0,22.0,163.0,18.0,9.0,0.012269938650306749,0.024539877300613498,0.6,0.4090909090909091,0.13043478260869565,0.6,0.0,0.0,0.0,0.0,0.0
Anoosha Shahgholi,1.0,1.0,1.0,2.0,59.0,33.0,12.0,11.0,76.0,13.0,7.0,0.013157894736842105,0.02631578947368421,0.559322033898305,0.5454545454545454,0.0,0.0,0.0,0.0,0.0,0.0,0.0
Ante Pavic,7.0,5.0,6.0,7.0,47.0,35.0,14.0,13.0,90.0,17.0,12.0,0.07777777777777778,0.07777777777777778,0.7446808510638298,0.38461538461538464,0.07142857142857142,0.16666666666666666,0.0,0.0,0.0,0.0,0.0
Anthony Susanto,3.0,6.0,9.0,6.0,36.0,21.0,11.0,10.0,71.0,9.0,3.0,0.04225352112676056,0.08450704225352113,0.5833333333333334,0.6,0.2727272727272727,0.3333333333333333,0.0,0.0,0.0,0.0,0.0
Antoine Bellier,4.0,3.0,6.0,7.0,66.0,43.0,21.0,19.0,128.0,14.0,7.0,0.03125,0.0546875,0.6515151515151515,0.3684210526315789,0.14285714285714285,0.5,0.0,0.0,0.0,0.0,0.0
Antso Rakotondramanga,23.0,5.0,9.0,5.0,122.0,90.0,30.0,31.0,197.0,5.0,3.0,0.116751269035533,0.025380710659898477,0.7377049180327869,0.06451612903225806,0.13333333333333333,0.4444444444444444,0.0,0.0,0.0,0.0,0.0
Aqeel Khan,22.0,12.0,27.0,16.0,192.0,151.0,51.0,52.0,333.0,33.0,25.0,0.06606606606606606,0.04804804804804805,0.7864583333333334,0.15384615384615385,0.29411764705882354,0.5555555555555556,1.0,0.0,1.0,0.0,1.0
Artem Sitak,4.0,0.0,0.0,2.0,31.0,23.0,9.0,9.0,56.0,6.0,3.0,0.07142857142857142,0.03571428571428571,0.7419354838709677,0.3333333333333333,0.0,0.0,0.0,0.0,0.0,0.0,0.0
Artem Smirnov,7.0,7.0,16.0,3.0,200.0,120.0,41.0,41.0,313.0,33.0,20.0,0.022364217252396165,0.009584664536741214,0.6,0.3170731707317073,0.21951219512195122,0.5625,0.0,0.0,0.0,0.0,0.0
Arthur De Greef,25.0,25.0,37.0,18.0,366.0,242.0,78.0,76.0,590.0,64.0,39.0,0.0423728813559322,0.030508474576271188,0.6612021857923497,0.32894736842105265,0.15384615384615385,0.32432432432432434,0.0,0.25,0.3333333333333333,0.0,0.2857142857142857
Arturs Lazdins,0.0,0.0,0.0,0.0,0.0,0.0,0.0,0.0,0.0,0.0,0.0,0.0,0.0,0.0,0.0,0.0,0.0,0.0,0.0,0.0,0.0,0.0
Attila Balazs,10.0,28.0,40.0,19.0,258.0,155.0,63.0,64.0,425.0,43.0,21.0,0.023529411764705882,0.04470588235294118,0.6007751937984496,0.34375,0.19047619047619047,0.3,0.0,0.3333333333333333,0.0,0.0,0.3333333333333333
August Holmgren,6.0,5.0,7.0,5.0,55.0,38.0,12.0,12.0,89.0,8.0,7.0,0.06741573033707865,0.056179775280898875,0.6909090909090909,0.08333333333333333,0.16666666666666666,0.2857142857142857,0.0,0.0,1.0,0.0,1.0
Austin Krajicek,9.0,3.0,4.0,1.0,72.0,56.0,17.0,16.0,95.0,3.0,1.0,0.09473684210526316,0.010526315789473684,0.7777777777777778,0.125,0.058823529411764705,0.25,0.0,0.0,0.0,0.0,0.0
Ayed Zatar,8.0,9.0,16.0,5.0,115.0,75.0,29.0,29.0,194.0,16.0,7.0,0.041237113402061855,0.02577319587628866,0.6521739130434783,0.3103448275862069,0.2413793103448276,0.4375,0.0,0.0,0.0,1.0,0.0
Aziz Dougaz,9.0,13.0,19.0,22.0,215.0,144.0,48.0,46.0,347.0,41.0,30.0,0.025936599423631124,0.06340057636887608,0.6697674418604651,0.2391304347826087,0.125,0.3157894736842105,0.0,0.0,0.0,0.0,0.0
Benjamin Becker,16.0,8.0,12.0,14.0,103.0,73.0,30.0,30.0,178.0,14.0,4.0,0.0898876404494382,0.07865168539325842,0.7087378640776699,0.3333333333333333,0.13333333333333333,0.3333333333333333,0.0,0.0,0.0,0.0,0.0
Benjamin Bonzi,6.0,12.0,18.0,6.0,105.0,68.0,0.0,0.0,188.0,28.0,18.0,0.031914893617021274,0.031914893617021274,0.6476190476190476,inf,inf,0.3333333333333333,0.0,0.5,0.0,0.0,1.0
Benjamin Hannestad,1.0,4.0,7.0,4.0,69.0,36.0,15.0,15.0,115.0,16.0,9.0,0.008695652173913044,0.034782608695652174,0.5217391304347826,0.4666666666666667,0.2,0.42857142857142855,0.0,0.0,0.0,0.0,0.0
Benoit Paire,515.0,232.0,405.0,287.0,2529.0,1911.0,604.0,609.0,4786.0,453.0,275.0,0.10760551608859173,0.059966569160050144,0.7556346381969158,0.2922824302134647,0.28642384105960267,0.4271604938271605,0.6666666666666666,0.4444444444444444,0.4857142857142857,0.375,0.5185185185185185
Bernard Tomic,201.0,78.0,125.0,54.0,1532.0,1071.0,303.0,311.0,2299.0,183.0,108.0,0.08742931709438886,0.0234884732492388,0.6990861618798956,0.24115755627009647,0.1551155115511551,0.376,0.5,0.375,0.23076923076923078,0.4,0.3333333333333333
Bjorn Fratangelo,91.0,60.0,108.0,72.0,959.0,649.0,195.0,192.0,1665.0,147.0,85.0,0.054654654654654654,0.043243243243243246,0.6767466110531803,0.3229166666666667,0.24615384615384617,0.4444444444444444,0.75,0.3333333333333333,0.3333333333333333,0.0,0.5714285714285714
Blake Mott,7.0,0.0,1.0,3.0,49.0,31.0,14.0,14.0,78.0,8.0,3.0,0.08974358974358974,0.038461538461538464,0.6326530612244898,0.35714285714285715,0.07142857142857142,1.0,0.0,0.0,0.0,0.0,0.0
Blaz Kavcic,9.0,30.0,46.0,25.0,173.0,115.0,30.0,30.0,320.0,49.0,30.0,0.028125,0.078125,0.6647398843930635,0.6333333333333333,0.5333333333333333,0.34782608695652173,0.0,0.0,0.0,0.0,0.3333333333333333
Borna Coric,280.0,172.0,275.0,119.0,2390.0,1699.0,481.0,475.0,3836.0,302.0,204.0,0.072992700729927,0.03102189781021898,0.7108786610878661,0.2063157894736842,0.21413721413721415,0.37454545454545457,0.0,0.6,0.41379310344827586,0.5,0.42857142857142855
Brayden Schnur,29.0,31.0,39.0,17.0,243.0,165.0,55.0,54.0,374.0,33.0,22.0,0.07754010695187166,0.045454545454545456,0.6790123456790124,0.2037037037037037,0.14545454545454545,0.20512820512820512,0.0,0.0,0.0,0.0,0.0
Bruno Britez,6.0,10.0,15.0,6.0,109.0,70.0,21.0,22.0,140.0,26.0,19.0,0.04285714285714286,0.04285714285714286,0.6422018348623854,0.3181818181818182,0.23809523809523808,0.3333333333333333,0.0,0.0,0.0,0.0,0.5
Brydan Klein,31.0,12.0,19.0,20.0,182.0,139.0,38.0,36.0,321.0,27.0,14.0,0.09657320872274143,0.06230529595015576,0.7637362637362637,0.3611111111111111,0.18421052631578946,0.3684210526315789,0.0,0.0,0.3333333333333333,0.5,0.0
Calvin Hemery,3.0,2.0,2.0,4.0,45.0,32.0,11.0,10.0,76.0,10.0,8.0,0.039473684210526314,0.05263157894736842,0.7111111111111111,0.2,0.0,0.0,0.0,0.0,0.0,0.0,0.0
Cameron Norrie,25.0,18.0,25.0,24.0,241.0,155.0,29.0,27.0,417.0,42.0,21.0,0.05995203836930456,0.05755395683453238,0.6431535269709544,0.7777777777777778,0.2413793103448276,0.28,0.25,0.0,0.5,1.0,0.2
Carlos Berlocq,101.0,131.0,226.0,93.0,1680.0,1100.0,379.0,380.0,2740.0,295.0,170.0,0.03686131386861314,0.03394160583941606,0.6547619047619048,0.32894736842105265,0.25065963060686014,0.42035398230088494,0.25,0.391304347826087,0.5,0.375,0.4
Casper Ruud,60.0,60.0,96.0,38.0,814.0,552.0,186.0,186.0,1225.0,113.0,75.0,0.04897959183673469,0.031020408163265307,0.6781326781326781,0.20430107526881722,0.1935483870967742,0.375,0.0,0.5,0.2,0.3333333333333333,0.4166666666666667
Cedrik Marcel Stebe,44.0,68.0,122.0,36.0,603.0,378.0,110.0,114.0,977.0,114.0,61.0,0.04503582395087001,0.0368474923234391,0.6268656716417911,0.4649122807017544,0.4909090909090909,0.4426229508196721,0.0,0.5714285714285714,0.4,0.0,0.5454545454545454
Cem Ilkel,33.0,26.0,43.0,15.0,346.0,241.0,88.0,85.0,598.0,56.0,37.0,0.05518394648829431,0.02508361204013378,0.6965317919075145,0.2235294117647059,0.19318181818181818,0.3953488372093023,0.0,0.0,0.0,0.0,0.2
Christian Garin,40.0,29.0,50.0,24.0,282.0,197.0,56.0,56.0,484.0,33.0,18.0,0.08264462809917356,0.049586776859504134,0.6985815602836879,0.26785714285714285,0.375,0.42,0.0,0.5,1.0,0.0,0.5
Christian Harrison,6.0,3.0,6.0,5.0,51.0,32.0,16.0,16.0,102.0,20.0,9.0,0.058823529411764705,0.049019607843137254,0.6274509803921569,0.6875,0.1875,0.5,0.0,0.0,0.0,0.0,0.0
Christian Lindell,13.0,20.0,31.0,5.0,107.0,82.0,27.0,28.0,163.0,7.0,3.0,0.07975460122699386,0.03067484662576687,0.7663551401869159,0.14285714285714285,0.4074074074074074,0.3548387096774194,0.0,1.0,0.0,1.0,1.0
Christopher Diaz Figueroa,18.0,33.0,51.0,25.0,237.0,163.0,62.0,61.0,432.0,52.0,36.0,0.041666666666666664,0.05787037037037037,0.6877637130801688,0.26229508196721313,0.2903225806451613,0.35294117647058826,0.0,0.0,0.5,0.0,0.0
Christopher Eubanks,35.0,8.0,13.0,25.0,260.0,178.0,48.0,46.0,407.0,37.0,23.0,0.085995085995086,0.06142506142506143,0.6846153846153846,0.30434782608695654,0.10416666666666667,0.38461538461538464,0.0,0.0,0.4,0.0,0.4
Christopher Oconnell,8.0,14.0,15.0,7.0,130.0,84.0,29.0,30.0,210.0,24.0,16.0,0.0380952380952381,0.03333333333333333,0.6461538461538462,0.26666666666666666,0.034482758620689655,0.06666666666666667,0.0,0.0,0.0,0.0,0.0
Damir Dzumhur,166.0,252.0,493.0,202.0,3144.0,2088.0,679.0,665.0,4933.0,508.0,302.0,0.03365092235961889,0.040948712750861545,0.6641221374045801,0.3097744360902256,0.3549337260677467,0.48884381338742394,0.5,0.2222222222222222,0.68,0.6666666666666666,0.6
Daniel Altmaier,40.0,13.0,20.0,15.0,239.0,176.0,62.0,60.0,402.0,34.0,21.0,0.09950248756218906,0.03731343283582089,0.7364016736401674,0.21666666666666667,0.11290322580645161,0.35,0.6666666666666666,0.0,0.0,0.0,0.5
Daniel Brands,35.0,15.0,22.0,26.0,268.0,187.0,46.0,45.0,412.0,41.0,27.0,0.08495145631067962,0.06310679611650485,0.6977611940298507,0.3111111111111111,0.15217391304347827,0.3181818181818182,0.0,0.0,0.5,0.0,0.25
Daniel Cukierman,1.0,1.0,1.0,5.0,30.0,15.0,7.0,7.0,46.0,7.0,2.0,0.021739130434782608,0.10869565217391304,0.5,0.7142857142857143,0.0,0.0,0.0,0.0,0.0,0.0,0.0
Daniel Evans,110.0,98.0,177.0,76.0,1149.0,823.0,283.0,281.0,1915.0,169.0,96.0,0.057441253263707574,0.03968668407310705,0.7162750217580505,0.2597864768683274,0.2791519434628975,0.4463276836158192,0.0,0.3333333333333333,0.625,0.7142857142857143,0.4444444444444444
Daniel Gimeno Traver,1.0,0.0,0.0,2.0,13.0,7.0,3.0,2.0,16.0,2.0,1.0,0.0625,0.125,0.5384615384615384,0.5,0.0,0.0,0.0,0.0,0.0,0.0,0.0
Daniel Masur,8.0,2.0,3.0,6.0,88.0,63.0,23.0,22.0,138.0,14.0,9.0,0.057971014492753624,0.043478260869565216,0.7159090909090909,0.22727272727272727,0.043478260869565216,0.3333333333333333,0.0,0.0,0.0,0.0,0.0
Daniil Medvedev,337.0,172.0,286.0,181.0,2264.0,1615.0,498.0,491.0,3746.0,353.0,226.0,0.08996262680192205,0.04831820608649226,0.713339222614841,0.25865580448065173,0.2289156626506024,0.3986013986013986,0.6666666666666666,0.0,0.4838709677419355,0.3333333333333333,0.5128205128205128
Darian King,28.0,72.0,129.0,28.0,668.0,441.0,136.0,136.0,1036.0,103.0,65.0,0.02702702702702703,0.02702702702702703,0.6601796407185628,0.27941176470588236,0.41911764705882354,0.4418604651162791,0.0,0.0,0.6363636363636364,0.0,0.6363636363636364
David Agung Susanto,6.0,6.0,13.0,10.0,150.0,92.0,31.0,30.0,202.0,25.0,15.0,0.0297029702970297,0.04950495049504951,0.6133333333333333,0.3333333333333333,0.22580645161290322,0.5384615384615384,0.0,0.0,0.0,0.0,0.5
David Ferrer,118.0,248.0,398.0,209.0,2274.0,1587.0,482.0,484.0,3812.0,371.0,230.0,0.030954879328436515,0.05482686253934942,0.6978891820580475,0.29132231404958675,0.3112033195020747,0.3768844221105528,0.4,0.5789473684210527,0.5238095238095238,0.6666666666666666,0.4857142857142857
David Goffin,496.0,389.0,669.0,221.0,3824.0,2816.0,920.0,918.0,6611.0,537.0,350.0,0.07502647103312661,0.03342913326274391,0.7364016736401674,0.2037037037037037,0.30434782608695654,0.41853512705530643,0.0,0.6956521739130435,0.7166666666666667,0.6923076923076923,0.7101449275362319
Denis Istomin,305.0,135.0,213.0,61.0,1958.0,1419.0,390.0,395.0,2991.0,260.0,166.0,0.10197258441992645,0.02039451688398529,0.7247191011235955,0.2379746835443038,0.2,0.36619718309859156,0.0,0.36363636363636365,0.5789473684210527,0.0,0.5161290322580645
Denis Kudla,7.0,8.0,15.0,7.0,88.0,62.0,24.0,24.0,139.0,14.0,8.0,0.050359712230215826,0.050359712230215826,0.7045454545454546,0.25,0.2916666666666667,0.4666666666666667,0.5,0.0,0.0,0.0,0.5
Denis Shapovalov,214.0,84.0,127.0,104.0,1166.0,870.0,238.0,240.0,2011.0,135.0,83.0,0.10641471904525111,0.05171556439582297,0.7461406518010292,0.21666666666666667,0.18067226890756302,0.33858267716535434,0.3333333333333333,0.0,0.5263157894736842,0.6666666666666666,0.47368421052631576
Dennis Novak,13.0,4.0,10.0,12.0,146.0,100.0,30.0,30.0,226.0,19.0,14.0,0.05752212389380531,0.05309734513274336,0.684931506849315,0.16666666666666666,0.2,0.6,0.0,0.0,0.5,0.0,0.5
Dennis Novikov,43.0,10.0,20.0,14.0,174.0,128.0,48.0,49.0,319.0,26.0,18.0,0.13479623824451412,0.0438871473354232,0.735632183908046,0.16326530612244897,0.20833333333333334,0.5,0.5,0.0,0.0,0.0,0.4
Di Wu,19.0,11.0,18.0,11.0,283.0,192.0,71.0,71.0,455.0,44.0,23.0,0.041758241758241756,0.024175824175824177,0.6784452296819788,0.29577464788732394,0.09859154929577464,0.3888888888888889,0.0,0.0,0.25,0.0,0.16666666666666666
Diego Sebastian Schwartzman,163.0,365.0,651.0,166.0,3157.0,2076.0,664.0,649.0,5163.0,512.0,288.0,0.031570792175092004,0.03215184969978695,0.6575863161229015,0.34514637904468415,0.4307228915662651,0.4393241167434716,0.0,0.5862068965517241,0.6111111111111112,0.8888888888888888,0.5263157894736842
Dimitar Kuzmanov,1.0,0.0,1.0,2.0,43.0,22.0,9.0,10.0,62.0,7.0,3.0,0.016129032258064516,0.03225806451612903,0.5116279069767442,0.4,0.1111111111111111,1.0,0.0,0.0,0.0,0.0,0.0
Dmitry Popko,15.0,14.0,21.0,3.0,201.0,138.0,46.0,47.0,294.0,16.0,8.0,0.05102040816326531,0.01020408163265306,0.6865671641791045,0.1702127659574468,0.15217391304347827,0.3333333333333333,0.0,1.0,0.0,0.0,0.6666666666666666
Dmitry Tursunov,12.0,15.0,24.0,16.0,294.0,187.0,47.0,46.0,445.0,59.0,33.0,0.02696629213483146,0.035955056179775284,0.6360544217687075,0.5652173913043478,0.19148936170212766,0.375,0.0,0.0,0.25,0.0,0.25
Dominic Thiem,453.0,348.0,582.0,226.0,3437.0,2570.0,707.0,711.0,5846.0,468.0,311.0,0.07748888128634963,0.0386589120766336,0.7477451265638638,0.22081575246132207,0.33097595473833097,0.4020618556701031,0.5714285714285714,0.8148148148148148,0.525,0.6153846153846154,0.639344262295082
Dominik Koepfer,0.0,1.0,1.0,3.0,26.0,13.0,8.0,7.0,44.0,7.0,3.0,0.0,0.06818181818181818,0.5,0.5714285714285714,0.0,0.0,0.0,0.0,0.0,0.0,0.0
Donald Young,195.0,145.0,251.0,186.0,2289.0,1571.0,456.0,461.0,3764.0,360.0,222.0,0.05180658873538788,0.049415515409139216,0.6863259065093927,0.2993492407809111,0.2324561403508772,0.42231075697211157,0.625,0.0,0.5588235294117647,0.4,0.525
Duck Hee Lee,3.0,7.0,9.0,6.0,69.0,49.0,20.0,20.0,138.0,8.0,4.0,0.021739130434782608,0.043478260869565216,0.7101449275362319,0.2,0.1,0.2222222222222222,0.0,0.0,0.0,0.0,0.0
Dudi Sela,73.0,107.0,192.0,78.0,1411.0,979.0,270.0,271.0,2228.0,193.0,111.0,0.032764811490125674,0.03500897666068223,0.6938341601700921,0.3025830258302583,0.3148148148148148,0.4427083333333333,0.6666666666666666,0.0,0.4583333333333333,0.5,0.4166666666666667
Dusan Lajovic,130.0,133.0,231.0,58.0,2201.0,1499.0,425.0,432.0,3183.0,266.0,166.0,0.040841972981464025,0.018221803330191643,0.6810540663334848,0.23148148148148148,0.23058823529411765,0.42424242424242425,0.5,0.4,0.47619047619047616,0.45454545454545453,0.42857142857142855
Dustin Brown,196.0,84.0,133.0,145.0,1284.0,913.0,278.0,275.0,2222.0,177.0,97.0,0.08820882088208822,0.06525652565256526,0.7110591900311527,0.2909090909090909,0.17625899280575538,0.3684210526315789,0.4,0.3,0.3333333333333333,0.6,0.28
Dzmitry Zhyrmont,12.0,9.0,13.0,12.0,144.0,98.0,37.0,37.0,261.0,37.0,25.0,0.04597701149425287,0.04597701149425287,0.6805555555555556,0.32432432432432434,0.10810810810810811,0.3076923076923077,0.0,0.0,0.0,0.0,0.0
Edan Leshem,5.0,0.0,0.0,2.0,41.0,24.0,9.0,9.0,62.0,5.0,2.0,0.08064516129032258,0.03225806451612903,0.5853658536585366,0.3333333333333333,0.0,0.0,0.0,0.0,0.0,0.0,0.0
Eduardo Struvay,12.0,4.0,6.0,14.0,41.0,28.0,13.0,13.0,79.0,13.0,6.0,0.1518987341772152,0.17721518987341772,0.6829268292682927,0.5384615384615384,0.15384615384615385,0.3333333333333333,0.0,0.0,0.0,0.0,0.0
Eero Vasa,3.0,8.0,12.0,7.0,74.0,40.0,16.0,16.0,116.0,18.0,10.0,0.02586206896551724,0.0603448275862069,0.5405405405405406,0.5,0.25,0.3333333333333333,0.0,0.0,0.0,0.0,0.0
Egor Gerasimov,43.0,18.0,29.0,11.0,175.0,146.0,43.0,45.0,252.0,10.0,8.0,0.17063492063492064,0.04365079365079365,0.8342857142857143,0.044444444444444446,0.2558139534883721,0.3793103448275862,0.0,0.0,1.0,1.0,1.0
Elias Ymer,48.0,42.0,71.0,32.0,532.0,376.0,127.0,130.0,869.0,81.0,51.0,0.05523590333716916,0.03682393555811277,0.706766917293233,0.23076923076923078,0.2283464566929134,0.4084507042253521,0.0,0.6,0.25,0.0,0.5
Emil Ruusuvuori,1.0,7.0,9.0,3.0,54.0,31.0,14.0,14.0,93.0,12.0,6.0,0.010752688172043012,0.03225806451612903,0.5740740740740741,0.42857142857142855,0.14285714285714285,0.2222222222222222,0.0,0.0,0.0,0.0,0.0
Emilio Gomez,24.0,21.0,35.0,24.0,245.0,178.0,63.0,63.0,411.0,32.0,17.0,0.058394160583941604,0.058394160583941604,0.726530612244898,0.23809523809523808,0.2222222222222222,0.4,0.0,0.0,0.0,0.0,0.5
Ernesto Escobedo,159.0,101.0,146.0,70.0,1151.0,809.0,258.0,265.0,2103.0,191.0,121.0,0.07560627674750357,0.033285782215882076,0.7028670721112077,0.2641509433962264,0.1744186046511628,0.3082191780821918,0.3333333333333333,0.42857142857142855,0.35714285714285715,0.3333333333333333,0.3888888888888889
Ernests Gulbis,146.0,61.0,91.0,79.0,664.0,513.0,96.0,94.0,1212.0,105.0,71.0,0.12046204620462046,0.06518151815181518,0.7725903614457831,0.3617021276595745,0.3125,0.32967032967032966,0.6666666666666666,0.5,0.2,0.5,0.4166666666666667
Evan King,7.0,12.0,21.0,8.0,161.0,104.0,26.0,26.0,250.0,19.0,9.0,0.028,0.032,0.6459627329192547,0.38461538461538464,0.34615384615384615,0.42857142857142855,0.0,0.0,0.3333333333333333,0.0,0.3333333333333333
Evgeny Donskoy,104.0,76.0,102.0,50.0,823.0,590.0,177.0,171.0,1448.0,113.0,63.0,0.0718232044198895,0.034530386740331494,0.7168894289185905,0.29239766081871343,0.14689265536723164,0.2549019607843137,0.0,0.0,0.38461538461538464,0.0,0.2631578947368421
Evgeny Tyurnev,6.0,5.0,6.0,3.0,22.0,14.0,8.0,8.0,43.0,6.0,1.0,0.13953488372093023,0.06976744186046512,0.6363636363636364,0.625,0.125,0.16666666666666666,0.0,0.0,0.0,0.0,0.0
Fabio Fognini,197.0,309.0,501.0,278.0,2827.0,1951.0,627.0,623.0,4828.0,455.0,272.0,0.0408036454018227,0.05758077879038939,0.6901308807923594,0.29373996789727125,0.3062200956937799,0.38323353293413176,0.6666666666666666,0.5925925925925926,0.6206896551724138,0.5833333333333334,0.6046511627906976
Facundo Bagnis,88.0,47.0,71.0,64.0,793.0,544.0,166.0,169.0,1273.0,130.0,81.0,0.06912804399057344,0.05027494108405342,0.6860025220680959,0.28994082840236685,0.14457831325301204,0.3380281690140845,0.0,0.25,0.16666666666666666,0.0,0.23076923076923078
Federico Delbonis,60.0,84.0,138.0,65.0,956.0,659.0,225.0,225.0,1544.0,137.0,83.0,0.038860103626943004,0.04209844559585492,0.6893305439330544,0.24,0.24,0.391304347826087,0.0,0.5,0.5714285714285714,0.0,0.5238095238095238
Federico Gaio,28.0,11.0,17.0,30.0,167.0,129.0,53.0,51.0,320.0,28.0,20.0,0.0875,0.09375,0.7724550898203593,0.1568627450980392,0.11320754716981132,0.35294117647058826,0.0,0.6666666666666666,0.0,1.0,0.3333333333333333
Federico Zeballos,1.0,5.0,15.0,5.0,49.0,28.0,13.0,14.0,89.0,10.0,5.0,0.011235955056179775,0.056179775280898875,0.5714285714285714,0.35714285714285715,0.7692307692307693,0.6666666666666666,0.0,0.0,0.0,0.0,0.0
Feliciano Lopez,520.0,202.0,310.0,139.0,2404.0,1848.0,517.0,521.0,4050.0,324.0,212.0,0.12839506172839507,0.03432098765432099,0.7687188019966722,0.21497120921305182,0.20889748549323017,0.34838709677419355,0.8181818181818182,0.5333333333333333,0.36363636363636365,0.6666666666666666,0.5227272727272727
Fernando Verdasco,217.0,241.0,411.0,185.0,2891.0,2021.0,564.0,558.0,4231.0,375.0,228.0,0.051288111557551405,0.04372488773339636,0.699066067104808,0.26344086021505375,0.30141843971631205,0.41362530413625304,0.25,0.5882352941176471,0.5454545454545454,0.2727272727272727,0.6046511627906976
Filip Krajinovic,54.0,17.0,36.0,14.0,381.0,279.0,89.0,91.0,569.0,30.0,17.0,0.09490333919156414,0.02460456942003515,0.7322834645669292,0.14285714285714285,0.21348314606741572,0.5277777777777778,0.0,0.0,0.7142857142857143,0.0,0.7142857142857143
Finn Tearney,6.0,9.0,14.0,9.0,97.0,55.0,26.0,25.0,171.0,25.0,14.0,0.03508771929824561,0.05263157894736842,0.5670103092783505,0.44,0.19230769230769232,0.35714285714285715,0.0,0.0,0.0,0.0,0.0
Florian Mayer,113.0,81.0,132.0,45.0,1263.0,881.0,248.0,247.0,2086.0,206.0,138.0,0.05417066155321189,0.021572387344199424,0.6975455265241488,0.27530364372469635,0.2056451612903226,0.38636363636363635,0.5,0.5,0.1111111111111111,0.3333333333333333,0.375
Francis Tiafoe,194.0,99.0,161.0,74.0,1217.0,863.0,256.0,252.0,2074.0,147.0,77.0,0.0935390549662488,0.03567984570877531,0.7091207888249794,0.2777777777777778,0.2421875,0.38509316770186336,0.3333333333333333,0.0,0.3157894736842105,0.5,0.2727272727272727
Franco Skugor,62.0,35.0,50.0,19.0,464.0,323.0,116.0,114.0,738.0,59.0,35.0,0.08401084010840108,0.025745257452574527,0.6961206896551724,0.21052631578947367,0.12931034482758622,0.3,0.0,0.3333333333333333,0.3333333333333333,0.0,0.2857142857142857
Frank Dancevic,10.0,6.0,10.0,4.0,96.0,76.0,23.0,23.0,143.0,8.0,4.0,0.06993006993006994,0.027972027972027972,0.7916666666666666,0.17391304347826086,0.17391304347826086,0.4,0.5,0.0,0.0,0.0,0.5
Frederico Ferreira Silva,6.0,7.0,20.0,3.0,92.0,62.0,25.0,24.0,139.0,12.0,6.0,0.04316546762589928,0.02158273381294964,0.6739130434782609,0.25,0.52,0.65,0.0,0.5,0.0,0.0,0.5
Frederik Nielsen,23.0,22.0,52.0,26.0,346.0,253.0,91.0,94.0,568.0,46.0,33.0,0.040492957746478875,0.045774647887323945,0.7312138728323699,0.13829787234042554,0.32967032967032966,0.5769230769230769,0.0,0.0,0.75,0.0,0.75
Gael Monfils,310.0,174.0,296.0,137.0,1861.0,1345.0,306.0,305.0,2982.0,242.0,151.0,0.10395707578806171,0.04594232059020791,0.722729715206878,0.2983606557377049,0.39869281045751637,0.41216216216216217,0.625,0.42857142857142855,0.631578947368421,0.5714285714285714,0.5925925925925926
Gastao Elias,87.0,83.0,130.0,57.0,814.0,598.0,231.0,227.0,1540.0,145.0,84.0,0.05649350649350649,0.03701298701298701,0.7346437346437347,0.2687224669603524,0.20346320346320346,0.36153846153846153,0.0,0.45454545454545453,0.16666666666666666,0.0,0.38461538461538464
Geoffrey Blancaneaux,3.0,3.0,3.0,9.0,39.0,21.0,0.0,0.0,72.0,12.0,5.0,0.041666666666666664,0.125,0.5384615384615384,inf,0.0,0.0,0.0,0.0,0.0,0.0,0.0
George Tsivadze,4.0,18.0,25.0,9.0,175.0,99.0,71.0,68.0,279.0,41.0,22.0,0.014336917562724014,0.03225806451612903,0.5657142857142857,0.27941176470588236,0.09859154929577464,0.28,0.0,0.0,0.0,0.0,0.0
Gerald Melzer,81.0,65.0,112.0,45.0,946.0,631.0,217.0,216.0,1409.0,135.0,82.0,0.057487579843860895,0.0319375443577005,0.6670190274841438,0.24537037037037038,0.21658986175115208,0.41964285714285715,0.0,0.5454545454545454,0.2,1.0,0.42857142857142855
Gerardo Lopez Villasenor,10.0,10.0,12.0,11.0,73.0,48.0,21.0,21.0,142.0,14.0,8.0,0.07042253521126761,0.07746478873239436,0.6575342465753424,0.2857142857142857,0.09523809523809523,0.16666666666666666,0.0,0.0,0.0,0.0,0.0
Gianluca Mager,5.0,4.0,7.0,3.0,45.0,26.0,13.0,12.0,77.0,9.0,4.0,0.06493506493506493,0.03896103896103896,0.5777777777777777,0.4166666666666667,0.23076923076923078,0.42857142857142855,0.0,0.0,0.0,0.0,0.0
Gianluigi Quinzi,18.0,9.0,18.0,8.0,114.0,74.0,25.0,26.0,215.0,31.0,24.0,0.08372093023255814,0.037209302325581395,0.6491228070175439,0.2692307692307692,0.36,0.5,0.0,0.5,0.0,0.0,0.5
Gilles Muller,707.0,162.0,252.0,186.0,2450.0,1961.0,461.0,464.0,3927.0,244.0,176.0,0.1800356506238859,0.04736440030557677,0.8004081632653062,0.14655172413793102,0.19522776572668113,0.35714285714285715,0.8461538461538461,0.5555555555555556,0.5714285714285714,0.6666666666666666,0.6382978723404256
Gilles Simon,121.0,160.0,284.0,109.0,1796.0,1219.0,433.0,434.0,3231.0,342.0,203.0,0.03744970597338285,0.0337356855462705,0.6787305122494433,0.32027649769585254,0.2863741339491917,0.43661971830985913,0.25,0.35714285714285715,0.43478260869565216,0.5,0.3783783783783784
Giovanni Lapentti,9.0,2.0,7.0,4.0,60.0,45.0,19.0,17.0,99.0,7.0,4.0,0.09090909090909091,0.04040404040404041,0.75,0.17647058823529413,0.2631578947368421,0.7142857142857143,0.0,0.5,0.0,1.0,0.0
Gleb Sakharov,10.0,5.0,8.0,6.0,89.0,66.0,19.0,21.0,145.0,14.0,9.0,0.06896551724137931,0.041379310344827586,0.7415730337078652,0.23809523809523808,0.15789473684210525,0.375,0.0,0.5,0.0,0.0,0.0
Go Soeda,18.0,9.0,22.0,6.0,224.0,153.0,61.0,62.0,394.0,31.0,13.0,0.04568527918781726,0.015228426395939087,0.6830357142857143,0.2903225806451613,0.21311475409836064,0.5909090909090909,0.0,0.0,0.25,0.5,0.0
Gonzalo Escobar,7.0,11.0,16.0,4.0,89.0,64.0,23.0,23.0,136.0,8.0,4.0,0.051470588235294115,0.029411764705882353,0.7191011235955056,0.17391304347826086,0.21739130434782608,0.3125,0.0,0.0,0.0,0.5,0.0
Grega Zemlja,53.0,23.0,37.0,17.0,189.0,163.0,61.0,61.0,377.0,10.0,6.0,0.14058355437665782,0.04509283819628647,0.8624338624338624,0.06557377049180328,0.22950819672131148,0.3783783783783784,0.0,0.0,0.0,0.0,0.6666666666666666
Gregoire Barrere,3.0,0.0,1.0,3.0,33.0,14.0,7.0,8.0,58.0,13.0,7.0,0.05172413793103448,0.05172413793103448,0.42424242424242425,0.75,0.14285714285714285,1.0,0.0,0.0,0.0,0.0,0.0
Grigor Dimitrov,560.0,322.0,523.0,254.0,3406.0,2641.0,727.0,745.0,5409.0,379.0,264.0,0.1035311517840636,0.04695877241634313,0.775396359365825,0.15436241610738255,0.2764786795048143,0.384321223709369,0.6666666666666666,0.4444444444444444,0.78,0.4444444444444444,0.7586206896551724
Guido Andreozzi,15.0,21.0,27.0,12.0,140.0,104.0,40.0,38.0,225.0,17.0,9.0,0.06666666666666667,0.05333333333333334,0.7428571428571429,0.21052631578947367,0.15,0.2222222222222222,0.0,0.3333333333333333,0.0,0.0,0.5
Guido Pella,166.0,160.0,255.0,86.0,1955.0,1339.0,401.0,400.0,3017.0,281.0,181.0,0.05502154458070931,0.028505137553861453,0.6849104859335038,0.25,0.23690773067331672,0.37254901960784315,0.0,0.46153846153846156,0.5,0.5,0.4827586206896552
Guilherme Clezar,10.0,9.0,12.0,2.0,112.0,67.0,25.0,24.0,182.0,25.0,16.0,0.054945054945054944,0.01098901098901099,0.5982142857142857,0.375,0.12,0.25,0.0,0.0,0.0,0.0,0.0
Guillermo Garcia Lopez,62.0,78.0,123.0,87.0,828.0,572.0,189.0,184.0,1519.0,133.0,72.0,0.04081632653061224,0.05727452271231073,0.6908212560386473,0.33152173913043476,0.23809523809523808,0.36585365853658536,0.0,0.25,0.25,0.2,0.26666666666666666
Hamid Reza Nadaf,0.0,0.0,0.0,0.0,0.0,0.0,0.0,0.0,0.0,0.0,0.0,0.0,0.0,0.0,0.0,0.0,0.0,0.0,0.0,1.0,0.0,0.0
Harri Heliovaara,4.0,3.0,9.0,4.0,67.0,49.0,13.0,14.0,111.0,9.0,8.0,0.036036036036036036,0.036036036036036036,0.7313432835820896,0.07142857142857142,0.46153846153846156,0.6666666666666666,0.0,0.0,0.0,0.0,0.0
Haydn Lewis,14.0,9.0,14.0,18.0,131.0,96.0,33.0,33.0,224.0,23.0,15.0,0.0625,0.08035714285714286,0.732824427480916,0.24242424242424243,0.15151515151515152,0.35714285714285715,0.0,0.0,0.5,0.0,0.0
Hei Yin Andrew Li,1.0,5.0,6.0,5.0,55.0,28.0,13.0,12.0,98.0,15.0,9.0,0.01020408163265306,0.05102040816326531,0.509090909090909,0.5,0.07692307692307693,0.16666666666666666,0.0,0.0,0.0,0.0,0.0
Henri Laaksonen,180.0,113.0,176.0,134.0,1200.0,885.0,269.0,269.0,1994.0,164.0,100.0,0.09027081243731194,0.06720160481444333,0.7375,0.2379182156133829,0.2342007434944238,0.35795454545454547,0.0,0.6,0.47058823529411764,0.5,0.42105263157894735
Hong Kit Jack Wong,9.0,13.0,28.0,11.0,159.0,94.0,40.0,39.0,244.0,20.0,5.0,0.036885245901639344,0.045081967213114756,0.5911949685534591,0.38461538461538464,0.375,0.5357142857142857,0.0,0.0,0.0,0.0,0.5
Horacio Zeballos,245.0,139.0,221.0,92.0,2159.0,1552.0,453.0,450.0,3386.0,231.0,133.0,0.07235676314235086,0.027170702894270527,0.7188513200555813,0.21777777777777776,0.18101545253863136,0.37104072398190047,0.0,0.5555555555555556,0.38461538461538464,0.25,0.5
Hsien Yin Peng,3.0,1.0,4.0,5.0,67.0,47.0,15.0,14.0,99.0,7.0,4.0,0.030303030303030304,0.050505050505050504,0.7014925373134329,0.21428571428571427,0.2,0.75,0.0,0.0,0.0,0.0,0.0
Hubert Hurkacz,14.0,15.0,24.0,26.0,151.0,103.0,35.0,35.0,243.0,28.0,17.0,0.05761316872427984,0.10699588477366255,0.6821192052980133,0.3142857142857143,0.2571428571428571,0.375,0.0,0.0,0.0,0.0,0.0
Hugo Dellien,1.0,8.0,11.0,2.0,93.0,50.0,15.0,15.0,118.0,14.0,7.0,0.00847457627118644,0.01694915254237288,0.5376344086021505,0.4666666666666667,0.2,0.2727272727272727,0.0,0.0,0.0,0.0,0.0
Hyeon Chung,156.0,187.0,321.0,143.0,1853.0,1330.0,398.0,391.0,3091.0,273.0,165.0,0.050469103849886766,0.046263345195729534,0.7177549919050189,0.27621483375959077,0.33668341708542715,0.4174454828660436,0.0,0.6666666666666666,0.4583333333333333,0.5,0.5555555555555556
Illia Biloborodko,1.0,0.0,0.0,3.0,16.0,9.0,7.0,6.0,36.0,6.0,1.0,0.027777777777777776,0.08333333333333333,0.5625,0.8333333333333334,0.0,0.0,0.0,0.0,0.0,0.0,0.0
Illya Marchenko,56.0,37.0,57.0,29.0,382.0,287.0,83.0,83.0,655.0,37.0,13.0,0.08549618320610687,0.044274809160305344,0.7513089005235603,0.2891566265060241,0.24096385542168675,0.3508771929824561,0.0,0.0,0.3333333333333333,0.0,0.3333333333333333
Ilya Ivashka,58.0,21.0,38.0,22.0,267.0,195.0,75.0,76.0,459.0,30.0,10.0,0.12636165577342048,0.04793028322440087,0.7303370786516854,0.2631578947368421,0.22666666666666666,0.4473684210526316,0.0,0.0,1.0,1.0,0.0
Inigo Cervantes Huegun,6.0,12.0,16.0,6.0,29.0,18.0,11.0,11.0,65.0,8.0,3.0,0.09230769230769231,0.09230769230769231,0.6206896551724138,0.45454545454545453,0.36363636363636365,0.25,0.0,0.0,0.0,0.0,0.0
Isak Arvidsson,18.0,22.0,34.0,16.0,130.0,92.0,37.0,38.0,255.0,28.0,17.0,0.07058823529411765,0.06274509803921569,0.7076923076923077,0.2894736842105263,0.32432432432432434,0.35294117647058826,0.0,0.0,0.5,0.0,0.0
Ivan Dodig,27.0,30.0,46.0,29.0,261.0,184.0,65.0,64.0,422.0,35.0,18.0,0.06398104265402843,0.06872037914691943,0.7049808429118773,0.265625,0.24615384615384617,0.34782608695652173,0.0,0.75,0.0,0.0,0.6
Ivan Endara,13.0,0.0,1.0,2.0,41.0,36.0,11.0,11.0,71.0,3.0,1.0,0.18309859154929578,0.028169014084507043,0.8780487804878049,0.18181818181818182,0.09090909090909091,1.0,0.0,0.0,0.0,0.0,0.0
Ivo Karlovic,729.0,78.0,110.0,177.0,2004.0,1649.0,421.0,422.0,3077.0,123.0,89.0,0.23691907702307444,0.057523561910952224,0.8228542914171657,0.08056872037914692,0.07600950118764846,0.2909090909090909,0.5,0.42857142857142855,0.4,0.3333333333333333,0.46153846153846156
Jack Sock,399.0,266.0,417.0,228.0,2885.0,2097.0,695.0,690.0,4835.0,345.0,207.0,0.08252326783867632,0.04715615305067218,0.7268630849220103,0.2,0.21726618705035972,0.36211031175059955,0.5,0.5,0.673469387755102,0.6,0.6530612244897959
James Duckworth,8.0,7.0,9.0,7.0,71.0,56.0,22.0,22.0,142.0,7.0,3.0,0.056338028169014086,0.04929577464788732,0.7887323943661971,0.18181818181818182,0.09090909090909091,0.2222222222222222,0.0,0.0,0.0,0.0,0.0
James Ward,9.0,0.0,0.0,3.0,79.0,55.0,8.0,8.0,127.0,16.0,8.0,0.07086614173228346,0.023622047244094488,0.6962025316455697,1.0,0.0,0.0,0.0,0.0,0.0,0.0,0.0
Jan Lennard Struff,475.0,212.0,335.0,250.0,2425.0,1880.0,632.0,648.0,4549.0,372.0,241.0,0.10441855352824797,0.05495713343591998,0.7752577319587629,0.2021604938271605,0.19462025316455697,0.36716417910447763,0.25,0.5,0.5161290322580645,0.2857142857142857,0.5102040816326531
Jan Satral,17.0,5.0,7.0,11.0,80.0,58.0,23.0,22.0,159.0,21.0,12.0,0.1069182389937107,0.06918238993710692,0.725,0.4090909090909091,0.08695652173913043,0.2857142857142857,0.0,0.0,0.0,0.0,0.0
Janko Tipsarevic,103.0,66.0,105.0,53.0,722.0,519.0,145.0,145.0,1342.0,120.0,64.0,0.07675111773472429,0.039493293591654245,0.7188365650969529,0.38620689655172413,0.2689655172413793,0.37142857142857144,0.3333333333333333,0.2857142857142857,0.25,0.0,0.3333333333333333
Jared Donaldson,303.0,203.0,323.0,156.0,1856.0,1386.0,453.0,446.0,3484.0,299.0,180.0,0.08696900114810563,0.04477611940298507,0.7467672413793104,0.26681614349775784,0.26490066225165565,0.3715170278637771,0.6,0.2857142857142857,0.5161290322580645,0.6,0.4857142857142857
Jason Jung,17.0,15.0,21.0,13.0,165.0,103.0,41.0,41.0,278.0,34.0,21.0,0.06115107913669065,0.046762589928057555,0.6242424242424243,0.3170731707317073,0.14634146341463414,0.2857142857142857,0.0,0.0,0.0,0.0,0.0
Jaume Munar,3.0,4.0,7.0,2.0,43.0,25.0,13.0,12.0,80.0,8.0,4.0,0.0375,0.025,0.5813953488372093,0.3333333333333333,0.23076923076923078,0.42857142857142855,0.0,0.0,0.0,0.0,0.0
Jc Aragone,4.0,2.0,2.0,2.0,53.0,30.0,0.0,0.0,86.0,9.0,4.0,0.046511627906976744,0.023255813953488372,0.5660377358490566,inf,0.0,0.0,0.0,0.0,0.0,0.0,0.0
Jean Jacques Rakotohasy,8.0,4.0,7.0,6.0,50.0,36.0,13.0,14.0,80.0,3.0,2.0,0.1,0.075,0.72,0.07142857142857142,0.23076923076923078,0.42857142857142855,0.0,0.0,0.0,0.0,0.0
Jeremy Chardy,308.0,146.0,230.0,164.0,1782.0,1301.0,387.0,383.0,2805.0,252.0,161.0,0.10980392156862745,0.05846702317290552,0.7300785634118967,0.23759791122715404,0.21705426356589147,0.3652173913043478,0.3333333333333333,0.5454545454545454,0.45454545454545453,0.5714285714285714,0.4375
Jerzy Janowicz,117.0,44.0,61.0,46.0,679.0,527.0,108.0,106.0,1085.0,65.0,42.0,0.10783410138248847,0.0423963133640553,0.7761413843888071,0.2169811320754717,0.1574074074074074,0.2786885245901639,0.6666666666666666,0.0,0.4,1.0,0.45454545454545453
Jeson Patrombon,1.0,4.0,7.0,5.0,63.0,41.0,17.0,17.0,100.0,11.0,5.0,0.01,0.05,0.6507936507936508,0.35294117647058826,0.17647058823529413,0.42857142857142855,0.0,0.0,0.0,0.0,0.0
Jesus Bandres,11.0,5.0,7.0,2.0,74.0,40.0,19.0,18.0,132.0,19.0,12.0,0.08333333333333333,0.015151515151515152,0.5405405405405406,0.3888888888888889,0.10526315789473684,0.2857142857142857,0.0,0.0,0.0,0.0,0.0
Jirat Navasirisomboon,7.0,16.0,33.0,13.0,200.0,143.0,46.0,46.0,289.0,21.0,14.0,0.02422145328719723,0.04498269896193772,0.715,0.15217391304347827,0.3695652173913043,0.5151515151515151,0.0,0.0,1.0,0.0,1.0
Jiri Vesely,299.0,173.0,301.0,209.0,2495.0,1749.0,520.0,519.0,3969.0,354.0,214.0,0.07533383723859914,0.052658100277147894,0.701002004008016,0.2697495183044316,0.24615384615384617,0.42524916943521596,0.3333333333333333,0.6,0.36363636363636365,0.8,0.38461538461538464
Jo Wilfried Tsonga,524.0,243.0,404.0,121.0,2556.0,2055.0,589.0,586.0,4183.0,224.0,145.0,0.1252689457327277,0.028926607697824527,0.8039906103286385,0.1348122866894198,0.2733446519524618,0.39851485148514854,0.6,0.7777777777777778,0.717948717948718,0.6666666666666666,0.7272727272727273
Joao Domingues,7.0,17.0,28.0,2.0,187.0,123.0,43.0,42.0,280.0,26.0,15.0,0.025,0.007142857142857143,0.6577540106951871,0.2619047619047619,0.2558139534883721,0.39285714285714285,0.0,0.6666666666666666,0.0,0.0,0.5
Joao Sousa,270.0,233.0,394.0,150.0,2689.0,1922.0,643.0,650.0,4580.0,405.0,235.0,0.05895196506550218,0.03275109170305677,0.7147638527333581,0.26153846153846155,0.25038880248833595,0.4086294416243655,0.0,0.4827586206896552,0.4166666666666667,0.5,0.40476190476190477
Joao Souza,30.0,11.0,15.0,13.0,145.0,116.0,45.0,44.0,249.0,20.0,11.0,0.12048192771084337,0.05220883534136546,0.8,0.20454545454545456,0.08888888888888889,0.26666666666666666,0.0,0.25,0.0,1.0,0.0
John Isner,1179.0,152.0,233.0,131.0,3682.0,2931.0,690.0,697.0,5222.0,219.0,159.0,0.22577556491765607,0.025086173879739562,0.7960347637153721,0.08608321377331421,0.11739130434782609,0.34763948497854075,0.6666666666666666,0.6363636363636364,0.625,0.4444444444444444,0.6666666666666666
John Millman,43.0,41.0,70.0,15.0,565.0,369.0,68.0,67.0,914.0,96.0,54.0,0.047045951859956234,0.016411378555798686,0.6530973451327433,0.6268656716417911,0.4264705882352941,0.4142857142857143,0.0,0.0,0.5,0.0,0.375
John Patrick Smith,16.0,14.0,22.0,8.0,194.0,125.0,21.0,21.0,288.0,26.0,15.0,0.05555555555555555,0.027777777777777776,0.6443298969072165,0.5238095238095238,0.38095238095238093,0.36363636363636365,0.0,0.0,0.0,0.0,0.0
Jonathan Eysseric,1.0,1.0,1.0,5.0,30.0,19.0,8.0,7.0,55.0,9.0,5.0,0.01818181818181818,0.09090909090909091,0.6333333333333333,0.5714285714285714,0.0,0.0,0.0,0.0,0.0,0.0,0.0
Jordan Thompson,182.0,130.0,220.0,79.0,1539.0,1060.0,323.0,325.0,2513.0,243.0,142.0,0.07242339832869081,0.031436530043772386,0.6887589343729694,0.31076923076923074,0.2786377708978328,0.4090909090909091,0.25,0.3333333333333333,0.5,0.42857142857142855,0.43478260869565216
Jordi Munoz Abreu,2.0,7.0,13.0,9.0,84.0,50.0,19.0,20.0,127.0,15.0,9.0,0.015748031496062992,0.07086614173228346,0.5952380952380952,0.3,0.3157894736842105,0.46153846153846156,0.0,0.0,0.0,1.0,0.0
Joris De Loore,5.0,1.0,2.0,3.0,41.0,34.0,11.0,11.0,66.0,2.0,0.0,0.07575757575757576,0.045454545454545456,0.8292682926829268,0.18181818181818182,0.09090909090909091,0.5,0.0,0.0,0.0,0.0,0.0
Jose Hernandez,3.0,6.0,7.0,5.0,82.0,47.0,23.0,21.0,132.0,18.0,9.0,0.022727272727272728,0.03787878787878788,0.573170731707317,0.42857142857142855,0.043478260869565216,0.14285714285714285,0.0,0.0,0.0,0.0,0.0
Jose Olivares,6.0,2.0,3.0,5.0,54.0,42.0,12.0,12.0,90.0,5.0,4.0,0.06666666666666667,0.05555555555555555,0.7777777777777778,0.08333333333333333,0.08333333333333333,0.3333333333333333,0.0,0.0,0.0,0.0,0.0
Jose Rubin Statham,11.0,8.0,8.0,3.0,117.0,87.0,31.0,30.0,173.0,9.0,3.0,0.06358381502890173,0.017341040462427744,0.7435897435897436,0.2,0.0,0.0,0.0,0.0,0.0,0.0,0.0
Jozef Kovalik,35.0,27.0,42.0,13.0,445.0,286.0,91.0,91.0,717.0,81.0,52.0,0.04881450488145049,0.01813110181311018,0.6426966292134831,0.31868131868131866,0.16483516483516483,0.35714285714285715,0.0,0.0,0.6666666666666666,0.0,0.2857142857142857
Juan Martin Del Potro,460.0,230.0,374.0,124.0,2678.0,2028.0,505.0,500.0,4158.0,262.0,158.0,0.11063011063011063,0.029822029822029823,0.7572815533980582,0.208,0.2851485148514851,0.3850267379679144,0.5,0.7,0.7142857142857143,0.6,0.7142857142857143
Juan Monaco,2.0,9.0,18.0,2.0,144.0,87.0,38.0,35.0,228.0,29.0,15.0,0.008771929824561403,0.008771929824561403,0.6041666666666666,0.4,0.23684210526315788,0.5,0.0,0.0,0.0,0.0,0.0
Juan Pablo Varillas Patino Samudio,6.0,7.0,10.0,9.0,129.0,88.0,33.0,33.0,228.0,17.0,10.0,0.02631578947368421,0.039473684210526314,0.6821705426356589,0.21212121212121213,0.09090909090909091,0.3,0.0,0.0,0.0,0.0,0.0
Julien Benneteau,199.0,108.0,174.0,110.0,1219.0,910.0,262.0,256.0,2009.0,144.0,82.0,0.09905425584868094,0.0547536087605774,0.7465135356849877,0.2421875,0.25190839694656486,0.3793103448275862,0.5,0.0,0.5263157894736842,0.6,0.45454545454545453
Julius Tverijonas,3.0,5.0,9.0,4.0,87.0,51.0,25.0,23.0,155.0,20.0,9.0,0.01935483870967742,0.025806451612903226,0.5862068965517241,0.4782608695652174,0.16,0.4444444444444444,0.0,0.0,0.0,0.0,0.0
Jurgen Melzer,9.0,2.0,11.0,3.0,173.0,104.0,41.0,39.0,245.0,21.0,7.0,0.036734693877551024,0.012244897959183673,0.6011560693641619,0.358974358974359,0.21951219512195122,0.8181818181818182,0.0,0.0,0.0,0.0,0.0
Jurgen Zopp,22.0,12.0,18.0,11.0,140.0,105.0,39.0,38.0,236.0,13.0,6.0,0.09322033898305085,0.046610169491525424,0.75,0.18421052631578946,0.15384615384615385,0.3333333333333333,0.0,0.0,0.5,0.0,0.5
Justin Lunn,1.0,2.0,2.0,1.0,25.0,15.0,7.0,7.0,48.0,8.0,3.0,0.020833333333333332,0.020833333333333332,0.6,0.7142857142857143,0.0,0.0,0.0,0.0,0.0,0.0,0.0
Kamil Majchrzak,7.0,4.0,5.0,4.0,71.0,49.0,20.0,19.0,124.0,10.0,5.0,0.056451612903225805,0.03225806451612903,0.6901408450704225,0.2631578947368421,0.05,0.2,0.0,0.0,0.0,0.0,0.0
Karan Rastogi,0.0,9.0,17.0,3.0,74.0,53.0,17.0,17.0,101.0,5.0,4.0,0.0,0.0297029702970297,0.7162162162162162,0.058823529411764705,0.47058823529411764,0.47058823529411764,0.0,0.0,0.0,0.0,1.0
Karen Khachanov,453.0,238.0,380.0,201.0,2697.0,1984.0,569.0,572.0,4714.0,372.0,226.0,0.09609673313534153,0.04263894781501909,0.735632183908046,0.25524475524475526,0.24956063268892795,0.3736842105263158,0.7142857142857143,0.6086956521739131,0.25,0.42857142857142855,0.45652173913043476
Kei Nishikori,141.0,221.0,386.0,101.0,2283.0,1631.0,435.0,433.0,3674.0,305.0,194.0,0.03837778987479586,0.027490473598258028,0.7144108628996934,0.25635103926096997,0.3793103448275862,0.4274611398963731,0.6,0.7058823529411765,0.7142857142857143,0.7777777777777778,0.6764705882352942
Kenny De Schepper,44.0,46.0,71.0,28.0,503.0,350.0,102.0,104.0,690.0,70.0,48.0,0.06376811594202898,0.04057971014492753,0.6958250497017893,0.21153846153846154,0.24509803921568626,0.352112676056338,0.0,0.5,0.5714285714285714,0.3333333333333333,0.6666666666666666
Kevin Anderson,738.0,206.0,318.0,147.0,2820.0,2229.0,437.0,449.0,4368.0,227.0,158.0,0.16895604395604397,0.03365384615384615,0.7904255319148936,0.15367483296213807,0.2562929061784897,0.3522012578616352,0.6666666666666666,0.625,0.5806451612903226,0.4,0.6511627906976745
Kimmer Coppejans,3.0,5.0,6.0,3.0,23.0,16.0,9.0,9.0,45.0,5.0,1.0,0.06666666666666667,0.06666666666666667,0.6956521739130435,0.4444444444444444,0.1111111111111111,0.16666666666666666,0.0,0.0,0.0,0.0,0.0
Kittipong Wachiramanowong,12.0,14.0,19.0,7.0,124.0,83.0,34.0,33.0,203.0,21.0,9.0,0.059113300492610835,0.034482758620689655,0.6693548387096774,0.36363636363636365,0.14705882352941177,0.2631578947368421,0.0,0.0,0.0,0.0,0.0
Konstantin Kravchuk,90.0,38.0,60.0,43.0,611.0,451.0,137.0,131.0,1005.0,108.0,66.0,0.08955223880597014,0.042786069651741296,0.7381342062193126,0.32061068702290074,0.16058394160583941,0.36666666666666664,0.5,0.5,0.0,1.0,0.07692307692307693
Kuan Yi Lee,2.0,4.0,6.0,1.0,61.0,41.0,16.0,16.0,93.0,8.0,5.0,0.021505376344086023,0.010752688172043012,0.6721311475409836,0.1875,0.125,0.3333333333333333,0.0,0.0,0.0,0.0,0.0
Kyle Edmund,343.0,250.0,413.0,179.0,2842.0,2096.0,634.0,646.0,4893.0,359.0,224.0,0.07010014306151645,0.036582873492744736,0.7375087966220971,0.2089783281733746,0.25709779179810727,0.3946731234866828,0.25,0.42857142857142855,0.5476190476190477,0.5,0.49019607843137253
Laslo Djere,29.0,48.0,77.0,30.0,499.0,328.0,129.0,130.0,833.0,83.0,50.0,0.03481392557022809,0.03601440576230492,0.657314629258517,0.25384615384615383,0.2248062015503876,0.37662337662337664,0.0,0.6,0.5,0.6666666666666666,0.5555555555555556
Laurent Lokoli,19.0,6.0,13.0,7.0,69.0,54.0,0.0,0.0,138.0,11.0,6.0,0.13768115942028986,0.050724637681159424,0.782608695652174,inf,inf,0.5384615384615384,0.0,0.0,0.0,0.0,0.0
Laurynas Grigelis,38.0,33.0,54.0,18.0,272.0,196.0,70.0,70.0,425.0,45.0,27.0,0.08941176470588236,0.042352941176470586,0.7205882352941176,0.2571428571428571,0.3,0.3888888888888889,0.0,0.0,0.5,0.0,0.3333333333333333
Leonardo Mayer,128.0,72.0,120.0,51.0,935.0,671.0,192.0,187.0,1496.0,108.0,66.0,0.0855614973262032,0.03409090909090909,0.7176470588235294,0.22459893048128343,0.25,0.4,0.0,0.7,0.4444444444444444,0.6666666666666666,0.5384615384615384
Liam Broady,15.0,19.0,33.0,5.0,185.0,119.0,42.0,44.0,287.0,26.0,15.0,0.05226480836236934,0.017421602787456445,0.6432432432432432,0.25,0.3333333333333333,0.42424242424242425,0.0,0.0,0.6666666666666666,1.0,0.3333333333333333
Lloyd George Muirhead Harris,58.0,32.0,63.0,21.0,315.0,246.0,95.0,96.0,563.0,24.0,13.0,0.10301953818827708,0.037300177619893425,0.780952380952381,0.11458333333333333,0.3263157894736842,0.49206349206349204,0.0,0.0,0.8,0.0,0.6666666666666666
Lorenzo Giustino,1.0,2.0,2.0,4.0,38.0,24.0,8.0,9.0,58.0,7.0,3.0,0.017241379310344827,0.06896551724137931,0.631578947368421,0.4444444444444444,0.0,0.0,0.0,0.0,0.0,0.0,0.0
Luca Vanni,3.0,2.0,4.0,6.0,42.0,22.0,13.0,11.0,79.0,12.0,5.0,0.0379746835443038,0.0759493670886076,0.5238095238095238,0.6363636363636364,0.15384615384615385,0.5,0.0,0.0,0.0,0.0,0.0
Lucas Andriamasilalao,1.0,2.0,2.0,1.0,51.0,27.0,13.0,12.0,77.0,10.0,5.0,0.012987012987012988,0.012987012987012988,0.5294117647058824,0.4166666666666667,0.0,0.0,0.0,0.0,0.0,0.0,0.0
Lucas Catarina,6.0,12.0,20.0,17.0,98.0,57.0,30.0,30.0,197.0,33.0,17.0,0.030456852791878174,0.08629441624365482,0.5816326530612245,0.5333333333333333,0.26666666666666666,0.4,0.0,0.0,0.0,0.0,0.0
Lucas Gomez,0.0,0.0,0.0,0.0,26.0,13.0,7.0,7.0,38.0,6.0,1.0,0.0,0.0,0.5,0.7142857142857143,0.0,0.0,0.0,0.0,0.0,0.0,0.0
Lucas Pouille,487.0,223.0,390.0,227.0,2721.0,2046.0,576.0,577.0,4847.0,371.0,238.0,0.10047452032184856,0.04683309263461935,0.7519294377067255,0.23050259965337955,0.2899305555555556,0.4282051282051282,0.75,0.6875,0.5588235294117647,0.5833333333333334,0.6304347826086957
Luciano Ramazzini,0.0,1.0,1.0,2.0,56.0,31.0,11.0,11.0,78.0,10.0,3.0,0.0,0.02564102564102564,0.5535714285714286,0.6363636363636364,0.0,0.0,0.0,0.0,0.0,0.0,0.0
Luis David Martinez,2.0,9.0,23.0,9.0,90.0,58.0,22.0,22.0,152.0,11.0,6.0,0.013157894736842105,0.05921052631578947,0.6444444444444445,0.22727272727272727,0.6363636363636364,0.6086956521739131,0.0,0.0,0.5,0.0,1.0
Luis Patino,1.0,9.0,12.0,9.0,51.0,28.0,14.0,14.0,93.0,17.0,10.0,0.010752688172043012,0.0967741935483871,0.5490196078431373,0.5,0.21428571428571427,0.25,0.0,0.0,0.0,0.0,0.0
Lukas Lacko,123.0,53.0,83.0,37.0,745.0,541.0,187.0,191.0,1288.0,98.0,59.0,0.09549689440993789,0.02872670807453416,0.7261744966442953,0.20418848167539266,0.16042780748663102,0.3614457831325301,0.25,0.0,0.46153846153846156,0.75,0.25
Lukas Mugevicius,3.0,13.0,20.0,6.0,53.0,38.0,17.0,18.0,106.0,14.0,9.0,0.02830188679245283,0.05660377358490566,0.7169811320754716,0.2777777777777778,0.4117647058823529,0.35,0.0,0.0,1.0,0.0,0.0
Lukas Rosol,67.0,29.0,45.0,32.0,467.0,361.0,77.0,76.0,755.0,51.0,34.0,0.08874172185430464,0.0423841059602649,0.7730192719486081,0.2236842105263158,0.2077922077922078,0.35555555555555557,0.5,0.5,0.3333333333333333,0.0,0.6
M Abid Ali Khan Akbar,0.0,0.0,0.0,0.0,0.0,0.0,0.0,0.0,0.0,0.0,0.0,0.0,0.0,0.0,0.0,0.0,0.0,0.0,0.0,0.0,0.0,0.0
Mahammad Abid,0.0,0.0,0.0,0.0,0.0,0.0,0.0,0.0,0.0,0.0,0.0,0.0,0.0,0.0,0.0,0.0,0.0,0.0,0.0,0.0,0.0,0.0
Malek Jaziri,183.0,165.0,264.0,136.0,1613.0,1165.0,394.0,388.0,3029.0,280.0,162.0,0.060415978870914495,0.04489930670188181,0.7222566646001239,0.30412371134020616,0.2512690355329949,0.375,0.0,0.0,0.5,0.5,0.375
Manuel Sanchez,8.0,21.0,29.0,14.0,88.0,66.0,24.0,24.0,165.0,20.0,14.0,0.048484848484848485,0.08484848484848485,0.75,0.25,0.3333333333333333,0.27586206896551724,0.0,0.0,0.0,0.0,1.0
Marc Polmans,3.0,12.0,15.0,10.0,91.0,58.0,24.0,24.0,178.0,24.0,15.0,0.016853932584269662,0.056179775280898875,0.6373626373626373,0.375,0.125,0.2,0.0,0.0,0.0,0.0,0.0
Marcel Granollers,90.0,87.0,128.0,37.0,1020.0,675.0,224.0,220.0,1598.0,160.0,85.0,0.056320400500625784,0.023153942428035045,0.6617647058823529,0.3409090909090909,0.18303571428571427,0.3203125,0.0,0.14285714285714285,0.23076923076923078,0.5,0.16666666666666666
Marcelo Arevalo,15.0,26.0,49.0,14.0,181.0,127.0,45.0,47.0,295.0,24.0,15.0,0.05084745762711865,0.04745762711864407,0.7016574585635359,0.19148936170212766,0.5111111111111111,0.46938775510204084,0.0,0.0,1.0,0.0,1.0
Marcelo Tomas Barrios Vera,2.0,4.0,5.0,4.0,50.0,40.0,12.0,12.0,77.0,3.0,2.0,0.025974025974025976,0.05194805194805195,0.8,0.08333333333333333,0.08333333333333333,0.2,0.0,0.0,1.0,0.0,0.0
Marco Cecchinato,14.0,22.0,35.0,20.0,275.0,179.0,55.0,57.0,414.0,44.0,18.0,0.033816425120772944,0.04830917874396135,0.6509090909090909,0.45614035087719296,0.23636363636363636,0.37142857142857144,0.0,0.2,0.0,0.0,0.16666666666666666
Marco Chiudinelli,32.0,30.0,44.0,17.0,345.0,243.0,90.0,92.0,580.0,51.0,28.0,0.05517241379310345,0.029310344827586206,0.7043478260869566,0.25,0.15555555555555556,0.3181818181818182,0.0,0.0,0.4,0.0,0.16666666666666666
Marco Trungelliti,8.0,13.0,25.0,22.0,204.0,128.0,7.0,8.0,362.0,36.0,17.0,0.022099447513812154,0.06077348066298342,0.6274509803921569,2.375,1.7142857142857142,0.48,0.0,0.3333333333333333,0.0,0.0,0.3333333333333333
Marcos Baghdatis,259.0,133.0,209.0,118.0,1314.0,1003.0,326.0,318.0,2467.0,189.0,118.0,0.10498581272800973,0.047831374138629916,0.7633181126331812,0.22327044025157233,0.2331288343558282,0.36363636363636365,0.5714285714285714,0.0,0.5833333333333334,0.8333333333333334,0.4444444444444444
Marin Cilic,753.0,318.0,521.0,206.0,3010.0,2403.0,617.0,632.0,5152.0,321.0,196.0,0.14615683229813664,0.03998447204968944,0.7983388704318937,0.19778481012658228,0.32901134521880065,0.3896353166986564,0.8,0.7777777777777778,0.5454545454545454,0.5,0.6964285714285714
Marius Copil,231.0,79.0,117.0,76.0,1094.0,825.0,254.0,252.0,1943.0,151.0,95.0,0.1188883170355121,0.0391147709727226,0.7541133455210237,0.2222222222222222,0.14960629921259844,0.3247863247863248,0.0,0.2857142857142857,0.38461538461538464,0.5,0.3157894736842105
Marko Tepavac,6.0,5.0,8.0,1.0,37.0,23.0,11.0,11.0,70.0,6.0,2.0,0.08571428571428572,0.014285714285714285,0.6216216216216216,0.36363636363636365,0.2727272727272727,0.375,0.0,0.0,0.0,0.0,0.0
Markus Eriksson,2.0,0.0,4.0,0.0,28.0,25.0,7.0,8.0,39.0,0.0,0.0,0.05128205128205128,0.0,0.8928571428571429,0.0,0.5714285714285714,1.0,0.0,1.0,0.0,0.0,0.0
Marsel Ilhan,41.0,17.0,35.0,17.0,307.0,217.0,83.0,83.0,543.0,60.0,37.0,0.07550644567219153,0.03130755064456722,0.7068403908794788,0.27710843373493976,0.21686746987951808,0.5142857142857142,0.5,0.0,0.0,1.0,0.5
Martin Klizan,89.0,111.0,191.0,91.0,1505.0,1006.0,291.0,290.0,2290.0,213.0,132.0,0.0388646288209607,0.03973799126637555,0.6684385382059801,0.2793103448275862,0.27491408934707906,0.418848167539267,0.0,0.5,0.38461538461538464,1.0,0.30434782608695654
Martins Podzus,13.0,10.0,10.0,5.0,50.0,32.0,14.0,14.0,91.0,10.0,5.0,0.14285714285714285,0.054945054945054944,0.64,0.35714285714285715,0.0,0.0,0.0,0.0,0.0,0.0,0.0
Marton Fucsovics,109.0,73.0,126.0,55.0,812.0,611.0,184.0,192.0,1413.0,103.0,62.0,0.07714083510261854,0.038924274593064405,0.7524630541871922,0.21354166666666666,0.28804347826086957,0.42063492063492064,0.0,0.6,0.5,0.3333333333333333,0.6153846153846154
Mate Pavic,1.0,0.0,0.0,2.0,8.0,5.0,4.0,3.0,17.0,3.0,1.0,0.058823529411764705,0.11764705882352941,0.625,0.6666666666666666,0.0,0.0,0.0,0.0,0.0,0.0,0.0
Mathias Bourgue,10.0,10.0,10.0,2.0,89.0,59.0,9.0,8.0,144.0,11.0,5.0,0.06944444444444445,0.013888888888888888,0.6629213483146067,0.75,0.0,0.0,0.0,0.0,0.0,0.0,0.0
Matteo Berrettini,1.0,0.0,0.0,3.0,31.0,19.0,8.0,8.0,61.0,10.0,6.0,0.01639344262295082,0.04918032786885246,0.6129032258064516,0.5,0.0,0.0,0.0,0.0,0.0,0.0,0.0
Matthew Barton,34.0,2.0,3.0,8.0,99.0,81.0,25.0,25.0,174.0,15.0,12.0,0.19540229885057472,0.04597701149425287,0.8181818181818182,0.12,0.04,0.3333333333333333,0.0,0.0,0.5,0.0,1.0
Matthew Ebden,75.0,82.0,129.0,70.0,763.0,540.0,182.0,181.0,1187.0,105.0,64.0,0.06318449873631002,0.05897219882055602,0.7077326343381389,0.2265193370165746,0.25824175824175827,0.3643410852713178,0.6666666666666666,0.5,0.5,0.0,0.6
Matthew Foster Estwick,2.0,0.0,0.0,3.0,48.0,22.0,11.0,11.0,70.0,14.0,7.0,0.02857142857142857,0.04285714285714286,0.4583333333333333,0.6363636363636364,0.0,0.0,0.0,0.0,0.0,0.0,0.0
Mattias Siimar,2.0,0.0,0.0,2.0,34.0,25.0,11.0,10.0,72.0,9.0,6.0,0.027777777777777776,0.027777777777777776,0.7352941176470589,0.3,0.0,0.0,0.0,0.0,0.0,0.0,0.0
Mauricio Echazu,1.0,4.0,6.0,4.0,83.0,53.0,19.0,19.0,109.0,8.0,2.0,0.009174311926605505,0.03669724770642202,0.6385542168674698,0.3157894736842105,0.10526315789473684,0.3333333333333333,0.0,0.0,0.0,0.0,0.0
Maxime Hamou,5.0,6.0,6.0,5.0,65.0,43.0,0.0,0.0,103.0,9.0,5.0,0.04854368932038835,0.04854368932038835,0.6615384615384615,inf,0.0,0.0,0.0,0.0,0.0,0.0,0.0
Maximilian Marterer,62.0,28.0,41.0,15.0,521.0,346.0,106.0,104.0,761.0,67.0,37.0,0.08147174770039421,0.01971090670170828,0.6641074856046065,0.28846153846153844,0.12264150943396226,0.3170731707317073,0.0,0.0,0.0,0.0,0.0
Maximo Gonzalez,1.0,6.0,16.0,7.0,152.0,97.0,30.0,29.0,229.0,25.0,17.0,0.004366812227074236,0.03056768558951965,0.6381578947368421,0.27586206896551724,0.3333333333333333,0.625,0.0,0.5,0.0,0.0,1.0
Mehdi Jdi,2.0,1.0,3.0,4.0,37.0,24.0,11.0,10.0,66.0,10.0,4.0,0.030303030303030304,0.06060606060606061,0.6486486486486487,0.6,0.18181818181818182,0.6666666666666666,0.0,0.0,0.0,0.0,0.0
Menelaos Efstathiou,4.0,3.0,11.0,5.0,118.0,76.0,26.0,25.0,175.0,15.0,9.0,0.022857142857142857,0.02857142857142857,0.6440677966101694,0.24,0.3076923076923077,0.7272727272727273,0.0,0.0,0.0,0.0,0.0
Michael Mmoh,20.0,16.0,22.0,14.0,169.0,106.0,46.0,42.0,263.0,32.0,15.0,0.07604562737642585,0.053231939163498096,0.6272189349112426,0.40476190476190477,0.13043478260869565,0.2727272727272727,0.0,0.0,0.0,0.0,0.0
Michael Venus,8.0,6.0,7.0,3.0,55.0,40.0,14.0,14.0,92.0,7.0,5.0,0.08695652173913043,0.03260869565217391,0.7272727272727273,0.14285714285714285,0.07142857142857142,0.14285714285714285,0.0,0.0,0.0,0.0,0.0
Mikael Ymer,8.0,48.0,76.0,27.0,396.0,242.0,86.0,87.0,616.0,82.0,51.0,0.012987012987012988,0.04383116883116883,0.6111111111111112,0.3563218390804598,0.32558139534883723,0.3684210526315789,0.0,0.5,0.0,0.0,0.3333333333333333
Mike Urbanija,2.0,0.0,0.0,4.0,38.0,21.0,11.0,11.0,67.0,8.0,1.0,0.029850746268656716,0.05970149253731343,0.5526315789473685,0.6363636363636364,0.0,0.0,0.0,0.0,0.0,0.0,0.0
Mikelis Libietis,18.0,10.0,11.0,5.0,90.0,62.0,21.0,20.0,149.0,17.0,12.0,0.12080536912751678,0.03355704697986577,0.6888888888888889,0.25,0.047619047619047616,0.09090909090909091,0.0,0.0,0.0,0.0,0.0
Mikhail Kukushkin,97.0,107.0,204.0,27.0,1533.0,1047.0,238.0,231.0,2306.0,201.0,123.0,0.04206418039895923,0.011708586296617519,0.6829745596868885,0.33766233766233766,0.40756302521008403,0.47549019607843135,0.5,0.375,0.5294117647058824,0.3333333333333333,0.5
Mikhail Youzhny,112.0,116.0,193.0,109.0,1572.0,1058.0,279.0,282.0,2603.0,265.0,164.0,0.043027276219746446,0.041874759892431807,0.6730279898218829,0.35815602836879434,0.27598566308243727,0.39896373056994816,0.4,0.14285714285714285,0.3888888888888889,0.3333333333333333,0.3333333333333333
Miljan Zekic,11.0,7.0,9.0,5.0,145.0,99.0,30.0,30.0,219.0,25.0,17.0,0.0502283105022831,0.0228310502283105,0.6827586206896552,0.26666666666666666,0.06666666666666667,0.2222222222222222,0.0,0.3333333333333333,0.0,0.0,0.3333333333333333
Milos Raonic,567.0,171.0,263.0,138.0,2024.0,1605.0,355.0,367.0,3156.0,154.0,102.0,0.1796577946768061,0.043726235741444866,0.7929841897233202,0.14168937329700274,0.2591549295774648,0.34980988593155893,0.6666666666666666,0.6875,0.7368421052631579,0.6666666666666666,0.7142857142857143
Mirza Basic,32.0,24.0,43.0,17.0,249.0,180.0,70.0,70.0,462.0,54.0,40.0,0.06926406926406926,0.0367965367965368,0.7228915662650602,0.2,0.2714285714285714,0.4418604651162791,0.0,0.0,0.6666666666666666,0.0,0.6666666666666666
Mischa Zverev,395.0,199.0,343.0,166.0,3324.0,2377.0,653.0,653.0,5093.0,434.0,280.0,0.07755743176909484,0.032593756135872766,0.7151022864019254,0.23583460949464014,0.22052067381316998,0.4198250728862974,0.6363636363636364,0.38461538461538464,0.47368421052631576,0.18181818181818182,0.5306122448979592
Mitchell Krueger,26.0,20.0,31.0,15.0,182.0,119.0,47.0,48.0,311.0,33.0,19.0,0.08360128617363344,0.04823151125401929,0.6538461538461539,0.2916666666666667,0.23404255319148937,0.3548387096774194,0.0,0.0,0.3333333333333333,0.0,0.25
Mohamed Safwat,39.0,14.0,18.0,14.0,278.0,201.0,69.0,68.0,432.0,39.0,28.0,0.09027777777777778,0.032407407407407406,0.7230215827338129,0.16176470588235295,0.057971014492753624,0.2222222222222222,0.5,0.0,0.0,0.0,0.25
Mohammad Ghareeb,7.0,7.0,12.0,0.0,103.0,72.0,23.0,23.0,142.0,5.0,4.0,0.04929577464788732,0.0,0.6990291262135923,0.043478260869565216,0.21739130434782608,0.4166666666666667,0.0,0.0,0.0,0.0,1.0
Mubarak Al Harrasi,3.0,0.0,0.0,4.0,34.0,22.0,8.0,8.0,62.0,13.0,9.0,0.04838709677419355,0.06451612903225806,0.6470588235294118,0.5,0.0,0.0,0.0,0.0,0.0,0.0,0.0
Mykyta Mashtakov,0.0,0.0,0.0,1.0,43.0,22.0,11.0,10.0,63.0,13.0,6.0,0.0,0.015873015873015872,0.5116279069767442,0.7,0.0,0.0,0.0,0.0,0.0,0.0,0.0
Nam Hoang Ly,8.0,11.0,25.0,5.0,113.0,74.0,27.0,29.0,175.0,12.0,6.0,0.045714285714285714,0.02857142857142857,0.6548672566371682,0.20689655172413793,0.5185185185185185,0.56,0.0,0.0,0.0,0.0,1.0
Nenad Zimonjic,2.0,0.0,1.0,2.0,24.0,10.0,8.0,7.0,43.0,7.0,2.0,0.046511627906976744,0.046511627906976744,0.4166666666666667,0.7142857142857143,0.125,1.0,0.0,0.0,0.0,0.0,0.0
Nicholas Campbell,0.0,0.0,1.0,4.0,34.0,20.0,11.0,10.0,70.0,5.0,3.0,0.0,0.05714285714285714,0.5882352941176471,0.2,0.09090909090909091,1.0,0.0,0.0,0.0,0.0,0.0
Nick Hardt,3.0,0.0,1.0,3.0,32.0,16.0,9.0,9.0,57.0,6.0,2.0,0.05263157894736842,0.05263157894736842,0.5,0.4444444444444444,0.1111111111111111,1.0,0.0,0.0,0.0,0.0,0.0
Nick Kyrgios,640.0,186.0,293.0,171.0,2254.0,1788.0,515.0,524.0,3528.0,180.0,116.0,0.18140589569160998,0.04846938775510204,0.7932564330079858,0.12213740458015267,0.20776699029126214,0.3651877133105802,0.0,0.5,0.7105263157894737,0.5,0.675
Nicola Kuhn,7.0,1.0,3.0,5.0,54.0,35.0,12.0,12.0,83.0,4.0,1.0,0.08433734939759036,0.060240963855421686,0.6481481481481481,0.25,0.16666666666666666,0.6666666666666666,0.0,0.0,0.0,0.0,0.0
Nicolaas Scholtz,74.0,14.0,22.0,18.0,296.0,220.0,76.0,76.0,472.0,24.0,14.0,0.15677966101694915,0.038135593220338986,0.7432432432432432,0.13157894736842105,0.10526315789473684,0.36363636363636365,0.0,0.0,0.6666666666666666,0.0,0.5
Nicolas Almagro,155.0,79.0,130.0,51.0,859.0,639.0,196.0,201.0,1569.0,104.0,52.0,0.09878903760356915,0.032504780114722756,0.7438882421420256,0.25870646766169153,0.2602040816326531,0.3923076923076923,0.0,0.5,0.375,0.3333333333333333,0.47368421052631576
Nicolas Jarry,49.0,20.0,33.0,17.0,326.0,229.0,42.0,43.0,533.0,43.0,28.0,0.09193245778611632,0.03189493433395872,0.7024539877300614,0.3488372093023256,0.30952380952380953,0.3939393939393939,0.0,0.0,1.0,0.0,0.0
Nicolas Kicker,56.0,73.0,130.0,60.0,1047.0,693.0,204.0,203.0,1712.0,167.0,100.0,0.03271028037383177,0.035046728971962614,0.66189111747851,0.33004926108374383,0.27941176470588236,0.43846153846153846,0.0,0.5555555555555556,0.0,0.0,0.5555555555555556
Nicolas Mahut,216.0,145.0,210.0,94.0,1688.0,1203.0,335.0,342.0,2768.0,237.0,148.0,0.07803468208092486,0.03395953757225433,0.7126777251184834,0.260233918128655,0.19402985074626866,0.30952380952380953,0.2,0.2,0.5416666666666666,0.6666666666666666,0.39285714285714285
Nikola Mektic,11.0,1.0,3.0,3.0,94.0,53.0,23.0,23.0,151.0,15.0,6.0,0.0728476821192053,0.019867549668874173,0.5638297872340425,0.391304347826087,0.08695652173913043,0.6666666666666666,0.0,0.0,0.0,0.0,0.0
Nikoloz Basilashvili,153.0,242.0,397.0,174.0,2683.0,1756.0,514.0,518.0,4158.0,415.0,247.0,0.0367965367965368,0.04184704184704185,0.6544912411479686,0.32432432432432434,0.301556420233463,0.3904282115869018,0.2,0.42857142857142855,0.5161290322580645,0.5714285714285714,0.4418604651162791
Noah Rubin,17.0,11.0,21.0,9.0,163.0,111.0,45.0,45.0,285.0,20.0,10.0,0.05964912280701754,0.031578947368421054,0.6809815950920245,0.2222222222222222,0.2222222222222222,0.47619047619047616,0.0,0.0,0.5,0.0,0.3333333333333333
Norbert Gombos,79.0,67.0,96.0,63.0,698.0,501.0,127.0,125.0,1120.0,120.0,79.0,0.07053571428571428,0.05625,0.7177650429799427,0.328,0.2283464566929134,0.3020833333333333,0.0,0.3333333333333333,0.25,0.0,0.2727272727272727
Novak Djokovic,169.0,186.0,338.0,79.0,2093.0,1518.0,358.0,368.0,3172.0,218.0,137.0,0.05327868852459016,0.024905422446406054,0.7252747252747253,0.22010869565217392,0.4245810055865922,0.44970414201183434,0.8888888888888888,0.75,0.8,0.9090909090909091,0.7586206896551724
Omar Awadhy,0.0,0.0,1.0,2.0,36.0,22.0,10.0,10.0,57.0,4.0,0.0,0.0,0.03508771929824561,0.6111111111111112,0.4,0.1,1.0,0.0,0.0,0.0,0.0,0.0
Omar Jasika,1.0,1.0,1.0,5.0,41.0,25.0,12.0,11.0,68.0,12.0,6.0,0.014705882352941176,0.07352941176470588,0.6097560975609756,0.5454545454545454,0.0,0.0,0.0,0.0,0.0,0.0,0.0
Orlando Luz,4.0,3.0,3.0,3.0,34.0,20.0,10.0,10.0,67.0,5.0,2.0,0.05970149253731343,0.04477611940298507,0.5882352941176471,0.3,0.0,0.0,0.0,0.0,0.0,0.0,0.0
Pablo Carreno Busta,220.0,278.0,488.0,109.0,3462.0,2344.0,616.0,608.0,5146.0,466.0,290.0,0.04275165176836378,0.02118150019432569,0.6770652801848642,0.2894736842105263,0.3409090909090909,0.430327868852459,0.0,0.6896551724137931,0.48484848484848486,0.75,0.54
Pablo Cuevas,217.0,152.0,254.0,149.0,1889.0,1371.0,450.0,445.0,3182.0,260.0,155.0,0.06819610307982402,0.046825895663104966,0.725780836421387,0.23595505617977527,0.22666666666666666,0.4015748031496063,0.0,0.5833333333333334,0.35294117647058826,0.6666666666666666,0.4375
Paolo Lorenzi,280.0,245.0,390.0,168.0,2954.0,2056.0,639.0,633.0,5035.0,425.0,252.0,0.05561072492552135,0.03336643495531281,0.6960054163845633,0.27330173775671407,0.2269170579029734,0.3717948717948718,0.25,0.5357142857142857,0.32142857142857145,0.6153846153846154,0.3695652173913043
Patrick Kypson,4.0,5.0,8.0,3.0,60.0,33.0,0.0,0.0,101.0,11.0,5.0,0.039603960396039604,0.0297029702970297,0.55,inf,inf,0.375,0.0,0.0,0.0,0.0,0.0
Patrick Tierro,1.0,1.0,2.0,3.0,32.0,18.0,9.0,8.0,56.0,11.0,7.0,0.017857142857142856,0.05357142857142857,0.5625,0.5,0.1111111111111111,0.5,0.0,0.0,0.0,0.0,0.0
Patrik Niklas Salminen,0.0,0.0,0.0,0.0,1.0,0.0,26.0,26.0,1.0,0.0,0.0,0.0,0.0,0.0,0.0,0.0,0.0,0.0,0.0,0.0,0.0,0.0
Patrik Rosenholm,9.0,17.0,20.0,7.0,148.0,107.0,37.0,37.0,253.0,27.0,19.0,0.03557312252964427,0.02766798418972332,0.722972972972973,0.21621621621621623,0.08108108108108109,0.15,0.0,0.0,0.5,0.0,0.0
Paul Henri Mathieu,49.0,52.0,68.0,35.0,474.0,331.0,116.0,116.0,849.0,81.0,45.0,0.05771495877502945,0.04122497055359246,0.6983122362869199,0.3103448275862069,0.13793103448275862,0.23529411764705882,0.0,0.0,0.16666666666666666,0.3333333333333333,0.0
Pedro Sousa,13.0,19.0,40.0,13.0,224.0,149.0,48.0,47.0,286.0,23.0,12.0,0.045454545454545456,0.045454545454545456,0.6651785714285714,0.23404255319148937,0.4375,0.525,0.0,0.75,0.0,0.5,1.0
Peter Gojowczyk,175.0,80.0,144.0,94.0,972.0,754.0,250.0,251.0,1831.0,142.0,82.0,0.09557618787547788,0.05133806663025669,0.7757201646090535,0.23904382470119523,0.256,0.4444444444444444,0.625,0.0,0.6,0.6666666666666666,0.5555555555555556
Peter Polansky,34.0,25.0,41.0,20.0,305.0,203.0,78.0,75.0,521.0,60.0,37.0,0.06525911708253358,0.03838771593090211,0.6655737704918033,0.30666666666666664,0.20512820512820512,0.3902439024390244,0.0,0.0,0.3333333333333333,0.0,0.3333333333333333
Petros Chrysochos,10.0,23.0,33.0,14.0,196.0,134.0,55.0,54.0,332.0,37.0,19.0,0.030120481927710843,0.04216867469879518,0.6836734693877551,0.3333333333333333,0.18181818181818182,0.30303030303030304,0.0,0.0,0.0,0.0,0.0
Philip Wilbert Major,7.0,10.0,15.0,6.0,147.0,87.0,33.0,31.0,231.0,31.0,15.0,0.030303030303030304,0.025974025974025976,0.5918367346938775,0.5161290322580645,0.15151515151515152,0.3333333333333333,0.0,0.0,0.0,0.0,0.0
Philipp Kohlschreiber,276.0,208.0,356.0,105.0,2374.0,1802.0,556.0,547.0,3973.0,292.0,187.0,0.06946891517744777,0.02642839164359426,0.7590564448188711,0.19195612431444242,0.26618705035971224,0.4157303370786517,0.5,0.6666666666666666,0.6296296296296297,0.5714285714285714,0.627906976744186
Pierre Hugues Herbert,279.0,120.0,162.0,123.0,1452.0,1075.0,304.0,299.0,2411.0,180.0,104.0,0.1157196184155952,0.05101617586063874,0.740358126721763,0.25418060200668896,0.13815789473684212,0.25925925925925924,0.4,0.3333333333333333,0.3157894736842105,0.3333333333333333,0.3333333333333333
Prajnesh Gunneswaran,14.0,8.0,12.0,4.0,96.0,80.0,31.0,30.0,154.0,9.0,5.0,0.09090909090909091,0.025974025974025976,0.8333333333333334,0.13333333333333333,0.12903225806451613,0.3333333333333333,0.0,0.0,0.5,0.0,0.0
Quentin Halys,88.0,18.0,31.0,52.0,437.0,327.0,87.0,85.0,763.0,64.0,42.0,0.11533420707732635,0.06815203145478375,0.7482837528604119,0.25882352941176473,0.14942528735632185,0.41935483870967744,0.0,0.0,0.3333333333333333,0.0,0.2857142857142857
Radek Stepanek,22.0,22.0,35.0,27.0,212.0,150.0,53.0,54.0,385.0,42.0,28.0,0.05714285714285714,0.07012987012987013,0.7075471698113207,0.25925925925925924,0.24528301886792453,0.37142857142857144,0.0,0.0,0.6,0.0,0.6
Radu Albot,79.0,133.0,202.0,75.0,1498.0,993.0,234.0,235.0,2352.0,204.0,113.0,0.03358843537414966,0.03188775510204082,0.6628838451268357,0.3872340425531915,0.2948717948717949,0.3415841584158416,0.6,0.3333333333333333,0.25,0.5,0.30434782608695654
Rafael Arevalo,0.0,3.0,3.0,0.0,36.0,15.0,7.0,7.0,43.0,9.0,4.0,0.0,0.0,0.4166666666666667,0.7142857142857143,0.0,0.0,0.0,0.0,0.0,0.0,0.0
Rafael Nadal,283.0,421.0,714.0,121.0,3720.0,2754.0,640.0,663.0,5470.0,327.0,231.0,0.05173674588665448,0.022120658135283362,0.7403225806451613,0.14479638009049775,0.4578125,0.4103641456582633,0.75,0.96,0.8163265306122449,0.8181818181818182,0.8656716417910447
Rajeev Ram,27.0,16.0,22.0,17.0,141.0,109.0,45.0,42.0,250.0,25.0,16.0,0.108,0.068,0.7730496453900709,0.21428571428571427,0.13333333333333333,0.2727272727272727,0.0,0.6666666666666666,0.0,0.0,0.5
Ramkumar Ramanathan,124.0,53.0,82.0,62.0,572.0,439.0,158.0,162.0,1018.0,73.0,52.0,0.12180746561886051,0.060903732809430254,0.7674825174825175,0.12962962962962962,0.18354430379746836,0.35365853658536583,0.6666666666666666,0.0,0.5,0.0,0.6666666666666666
Reda El Amrani,24.0,24.0,34.0,30.0,229.0,175.0,56.0,59.0,396.0,28.0,17.0,0.06060606060606061,0.07575757575757576,0.7641921397379913,0.1864406779661017,0.17857142857142858,0.29411764705882354,0.0,0.5,0.0,1.0,0.0
Reilly Opelka,158.0,34.0,46.0,42.0,490.0,368.0,132.0,130.0,842.0,55.0,35.0,0.1876484560570071,0.0498812351543943,0.7510204081632653,0.15384615384615385,0.09090909090909091,0.2608695652173913,0.0,0.0,0.14285714285714285,0.0,0.125
Renzo Olivo,68.0,99.0,167.0,91.0,1072.0,682.0,231.0,229.0,1791.0,230.0,125.0,0.03796761585706309,0.05080960357342267,0.6361940298507462,0.4585152838427948,0.2943722943722944,0.40718562874251496,0.0,0.3684210526315789,0.25,0.4,0.3157894736842105
Ricardas Berankis,37.0,52.0,84.0,34.0,543.0,354.0,105.0,100.0,935.0,83.0,41.0,0.039572192513368985,0.03636363636363636,0.6519337016574586,0.42,0.3047619047619048,0.38095238095238093,0.0,0.0,0.5,0.5,0.4
Ricardo Rodriguez,9.0,46.0,85.0,11.0,332.0,229.0,79.0,79.0,477.0,46.0,25.0,0.018867924528301886,0.023060796645702306,0.6897590361445783,0.26582278481012656,0.4936708860759494,0.4588235294117647,0.0,0.0,0.5,1.0,0.0
Riccardo Bellotti,0.0,4.0,8.0,4.0,71.0,39.0,13.0,14.0,94.0,9.0,3.0,0.0,0.0425531914893617,0.5492957746478874,0.42857142857142855,0.3076923076923077,0.5,0.0,0.0,0.0,0.0,0.0
Richard Gasquet,149.0,223.0,379.0,94.0,2336.0,1680.0,507.0,512.0,3750.0,291.0,186.0,0.039733333333333336,0.025066666666666668,0.7191780821917808,0.205078125,0.3076923076923077,0.41160949868073876,0.6666666666666666,0.5,0.625,0.75,0.5952380952380952
Roberto Bautista Agut,202.0,354.0,611.0,152.0,3420.0,2407.0,682.0,699.0,5411.0,435.0,262.0,0.0373313620402883,0.02809092589170209,0.7038011695906433,0.2474964234620887,0.37683284457478006,0.4206219312602291,0.7142857142857143,0.6111111111111112,0.7272727272727273,0.6666666666666666,0.6949152542372882
Roberto Carballes Baena,25.0,15.0,28.0,22.0,217.0,160.0,57.0,58.0,378.0,25.0,19.0,0.06613756613756613,0.0582010582010582,0.7373271889400922,0.10344827586206896,0.22807017543859648,0.4642857142857143,0.0,0.6,0.0,0.0,0.75
Roberto Cid,2.0,2.0,6.0,14.0,64.0,38.0,18.0,17.0,121.0,18.0,8.0,0.01652892561983471,0.11570247933884298,0.59375,0.5882352941176471,0.2222222222222222,0.6666666666666666,0.0,0.0,0.0,0.0,0.0
Roberto Marcora,2.0,0.0,0.0,2.0,25.0,16.0,8.0,8.0,50.0,7.0,3.0,0.04,0.04,0.64,0.5,0.0,0.0,0.0,0.0,0.0,0.0,0.0
Roberto Quiroz,35.0,13.0,20.0,10.0,195.0,156.0,53.0,52.0,314.0,13.0,10.0,0.11146496815286625,0.03184713375796178,0.8,0.057692307692307696,0.1320754716981132,0.35,0.0,0.0,0.0,0.0,1.0
Robin Haase,458.0,287.0,455.0,185.0,2763.0,2038.0,684.0,684.0,4667.0,391.0,231.0,0.09813584743946861,0.03964002571244911,0.7376040535649656,0.23391812865497075,0.24561403508771928,0.36923076923076925,0.42857142857142855,0.47058823529411764,0.5,0.375,0.5102040816326531
Rodrigo Banzer,0.0,0.0,0.0,0.0,0.0,0.0,0.0,0.0,0.0,0.0,0.0,0.0,0.0,0.0,0.0,0.0,0.0,0.0,0.0,0.0,0.0,0.0
Roger Federer,549.0,293.0,491.0,103.0,2735.0,2182.0,550.0,557.0,4400.0,201.0,136.0,0.12477272727272727,0.02340909090909091,0.7978062157221206,0.11669658886894076,0.36,0.40325865580448067,0.9230769230769231,0.0,0.9090909090909091,1.0,0.8936170212765957
Rogerio Dutra Silva,140.0,172.0,254.0,120.0,1491.0,1003.0,312.0,305.0,2549.0,263.0,149.0,0.05492349941153393,0.04707728520988623,0.6727028839704896,0.3737704918032787,0.26282051282051283,0.3228346456692913,0.0,0.35294117647058826,0.3333333333333333,0.0,0.45454545454545453
Romain Arneodo,8.0,2.0,4.0,4.0,94.0,66.0,21.0,20.0,160.0,22.0,17.0,0.05,0.025,0.7021276595744681,0.25,0.09523809523809523,0.5,0.0,0.0,0.0,0.0,0.0
Roman Safiullin,7.0,0.0,0.0,1.0,47.0,29.0,9.0,9.0,56.0,7.0,4.0,0.125,0.017857142857142856,0.6170212765957447,0.3333333333333333,0.0,0.0,0.0,0.0,0.0,0.0,0.0
Ruben Bemelmans,75.0,59.0,84.0,26.0,692.0,486.0,88.0,91.0,1043.0,68.0,39.0,0.07190795781399809,0.024928092042186004,0.7023121387283237,0.31868131868131866,0.2840909090909091,0.2976190476190476,0.6666666666666666,0.0,0.5,0.5,0.5555555555555556
Ruben Gonzales,11.0,16.0,27.0,6.0,112.0,81.0,26.0,27.0,162.0,9.0,7.0,0.06790123456790123,0.037037037037037035,0.7232142857142857,0.07407407407407407,0.4230769230769231,0.4074074074074074,0.0,0.0,0.0,0.0,0.0
Rudolf Molleker,2.0,2.0,3.0,1.0,42.0,23.0,9.0,10.0,62.0,5.0,1.0,0.03225806451612903,0.016129032258064516,0.5476190476190477,0.4,0.1111111111111111,0.3333333333333333,0.0,0.0,0.0,0.0,0.0
Rudolfs Mednis,8.0,7.0,10.0,5.0,80.0,61.0,18.0,18.0,134.0,15.0,13.0,0.05970149253731343,0.03731343283582089,0.7625,0.1111111111111111,0.16666666666666666,0.3,0.0,0.0,0.0,0.0,0.0
Ryan Harrison,313.0,160.0,256.0,142.0,1875.0,1353.0,426.0,430.0,3204.0,289.0,181.0,0.09769038701622972,0.04431960049937578,0.7216,0.25116279069767444,0.22535211267605634,0.375,0.25,0.3,0.5357142857142857,0.3333333333333333,0.43243243243243246
Saketh Myneni,6.0,2.0,2.0,4.0,38.0,28.0,10.0,9.0,70.0,8.0,6.0,0.08571428571428572,0.05714285714285714,0.7368421052631579,0.2222222222222222,0.0,0.0,0.0,0.0,0.0,0.0,0.0
Salvatore Caruso,0.0,1.0,1.0,0.0,40.0,23.0,9.0,8.0,54.0,7.0,4.0,0.0,0.0,0.575,0.375,0.0,0.0,0.0,0.0,0.0,0.0,0.0
Sam Querrey,766.0,218.0,376.0,184.0,2643.0,2120.0,513.0,529.0,4594.0,304.0,191.0,0.16673922507618633,0.04005224205485416,0.802118804388952,0.21361058601134217,0.3079922027290448,0.42021276595744683,0.7,0.5555555555555556,0.631578947368421,0.6153846153846154,0.627906976744186
Samuel Groth,109.0,14.0,22.0,44.0,340.0,268.0,95.0,95.0,602.0,42.0,25.0,0.18106312292358803,0.07308970099667775,0.788235294117647,0.17894736842105263,0.08421052631578947,0.36363636363636365,0.5,0.0,0.2,0.5,0.2
Sanjar Fayziev,25.0,7.0,12.0,22.0,181.0,133.0,53.0,52.0,343.0,33.0,19.0,0.0728862973760933,0.0641399416909621,0.7348066298342542,0.2692307692307692,0.09433962264150944,0.4166666666666667,0.0,0.0,0.0,0.0,0.0
Santiago Giraldo,77.0,79.0,127.0,60.0,981.0,687.0,202.0,201.0,1609.0,164.0,97.0,0.04785581106277191,0.037290242386575516,0.7003058103975535,0.3333333333333333,0.2376237623762376,0.3779527559055118,0.0,0.45454545454545453,0.16666666666666666,0.3333333333333333,0.35714285714285715
Seanon Williams,1.0,3.0,3.0,4.0,33.0,22.0,9.0,8.0,48.0,7.0,4.0,0.020833333333333332,0.08333333333333333,0.6666666666666666,0.375,0.0,0.0,0.0,0.0,0.0,0.0,0.0
Sebastian Ofner,52.0,46.0,68.0,34.0,391.0,281.0,56.0,56.0,699.0,66.0,46.0,0.07439198855507868,0.04864091559370529,0.7186700767263428,0.35714285714285715,0.39285714285714285,0.3235294117647059,0.6666666666666666,0.75,0.0,1.0,0.5714285714285714
Sekou Bangoura,5.0,0.0,0.0,6.0,40.0,34.0,11.0,11.0,60.0,1.0,0.0,0.08333333333333333,0.1,0.85,0.09090909090909091,0.0,0.0,0.0,0.0,0.0,0.0,0.0
Sergiy Stakhovsky,131.0,48.0,74.0,35.0,700.0,525.0,107.0,109.0,1153.0,77.0,48.0,0.11361665221162186,0.030355594102341718,0.75,0.26605504587155965,0.24299065420560748,0.35135135135135137,0.5,0.3333333333333333,0.5,1.0,0.38461538461538464
Shahin Khaledan,1.0,6.0,7.0,5.0,55.0,36.0,15.0,15.0,87.0,5.0,1.0,0.011494252873563218,0.05747126436781609,0.6545454545454545,0.26666666666666666,0.06666666666666667,0.14285714285714285,0.0,0.0,0.5,0.0,0.0
Simen Sunde Bratholm,7.0,20.0,23.0,9.0,139.0,93.0,30.0,30.0,207.0,17.0,12.0,0.033816425120772944,0.043478260869565216,0.6690647482014388,0.16666666666666666,0.1,0.13043478260869565,0.0,0.0,0.0,0.0,0.0
Simone Bolelli,15.0,21.0,35.0,6.0,423.0,263.0,25.0,26.0,577.0,69.0,49.0,0.025996533795493933,0.010398613518197574,0.6217494089834515,0.7692307692307693,0.56,0.4,0.5,0.5,0.0,0.0,0.3333333333333333
Soon Woo Kwon,8.0,10.0,14.0,6.0,86.0,61.0,21.0,20.0,149.0,10.0,6.0,0.053691275167785234,0.040268456375838924,0.7093023255813954,0.2,0.19047619047619047,0.2857142857142857,0.0,0.0,0.0,0.0,0.0
Soren Hess Olesen,8.0,15.0,26.0,11.0,227.0,142.0,50.0,49.0,351.0,40.0,26.0,0.022792022792022793,0.03133903133903134,0.6255506607929515,0.2857142857142857,0.22,0.4230769230769231,0.0,0.0,0.0,0.0,0.3333333333333333
Spencer Newman,0.0,3.0,8.0,11.0,76.0,36.0,15.0,15.0,101.0,14.0,5.0,0.0,0.10891089108910891,0.47368421052631576,0.6,0.3333333333333333,0.625,0.0,0.0,0.0,0.0,0.0
Stanislas Wawrinka,264.0,169.0,282.0,83.0,1943.0,1409.0,378.0,387.0,3252.0,240.0,157.0,0.08118081180811808,0.025522755227552277,0.7251672671127123,0.2144702842377261,0.29894179894179895,0.40070921985815605,0.0,0.75,0.7368421052631579,0.7142857142857143,0.7
Stefan Kozlov,40.0,33.0,51.0,45.0,409.0,273.0,110.0,108.0,690.0,78.0,41.0,0.057971014492753624,0.06521739130434782,0.6674816625916871,0.3425925925925926,0.16363636363636364,0.35294117647058826,0.4,0.0,0.0,0.0,0.2
Stefano Napolitano,14.0,22.0,32.0,6.0,164.0,110.0,10.0,10.0,273.0,30.0,18.0,0.05128205128205128,0.02197802197802198,0.6707317073170732,1.2,1.0,0.3125,0.0,0.3333333333333333,0.0,1.0,0.0
Stefano Travaglia,41.0,21.0,39.0,28.0,248.0,181.0,16.0,16.0,488.0,38.0,18.0,0.08401639344262295,0.05737704918032787,0.7298387096774194,1.25,1.125,0.46153846153846156,0.0,0.0,0.3333333333333333,0.0,0.25
Stefanos Tsitsipas,106.0,42.0,63.0,30.0,624.0,478.0,141.0,141.0,1078.0,93.0,54.0,0.09833024118738404,0.027829313543599257,0.7660256410256411,0.2765957446808511,0.14893617021276595,0.3333333333333333,0.0,0.0,0.36363636363636365,0.0,0.2857142857142857
Stephane Robert,39.0,36.0,52.0,76.0,376.0,245.0,112.0,108.0,808.0,102.0,51.0,0.04826732673267327,0.09405940594059406,0.651595744680851,0.4722222222222222,0.14285714285714285,0.3076923076923077,0.0,0.0,0.14285714285714285,0.0,0.1111111111111111
Steve Darcis,136.0,130.0,242.0,62.0,2039.0,1367.0,456.0,456.0,3256.0,318.0,183.0,0.04176904176904177,0.019041769041769043,0.670426679744973,0.29605263157894735,0.24561403508771928,0.4628099173553719,0.3333333333333333,0.375,0.5769230769230769,0.5,0.5
Steve Johnson,416.0,179.0,296.0,177.0,2480.0,1888.0,510.0,518.0,4150.0,290.0,184.0,0.10024096385542168,0.042650602409638555,0.7612903225806451,0.20463320463320464,0.22941176470588234,0.3952702702702703,0.5,0.8,0.5294117647058824,0.8571428571428571,0.5227272727272727
Steven Diez,1.0,1.0,3.0,4.0,34.0,20.0,10.0,9.0,60.0,8.0,4.0,0.016666666666666666,0.06666666666666667,0.5882352941176471,0.4444444444444444,0.2,0.6666666666666666,0.0,0.0,0.0,0.0,0.0
Tadas Babelis,8.0,3.0,3.0,10.0,115.0,70.0,35.0,32.0,203.0,21.0,7.0,0.03940886699507389,0.04926108374384237,0.6086956521739131,0.4375,0.0,0.0,0.0,0.0,0.0,0.0,0.0
Tallon Griekspoor,1.0,2.0,3.0,2.0,77.0,47.0,19.0,17.0,118.0,17.0,10.0,0.00847457627118644,0.01694915254237288,0.6103896103896104,0.4117647058823529,0.05263157894736842,0.3333333333333333,0.0,0.0,0.0,0.0,0.0
Taro Daniel,46.0,67.0,105.0,52.0,883.0,567.0,109.0,107.0,1362.0,161.0,99.0,0.033773861967694566,0.0381791483113069,0.6421291053227633,0.5794392523364486,0.3486238532110092,0.3619047619047619,0.0,0.375,0.2,0.0,0.3333333333333333
Tatsuma Ito,3.0,6.0,8.0,7.0,100.0,65.0,24.0,23.0,161.0,10.0,5.0,0.018633540372670808,0.043478260869565216,0.65,0.21739130434782608,0.08333333333333333,0.25,0.0,0.0,0.0,0.0,0.0
Taylor Harry Fritz,213.0,112.0,181.0,68.0,1186.0,869.0,281.0,287.0,2097.0,140.0,78.0,0.10157367668097282,0.03242727706247019,0.7327150084317032,0.21602787456445993,0.24555160142348753,0.3812154696132597,0.0,0.0,0.5416666666666666,0.2,0.6
Temur Ismailov,17.0,13.0,17.0,9.0,115.0,87.0,30.0,31.0,189.0,14.0,8.0,0.08994708994708994,0.047619047619047616,0.7565217391304347,0.1935483870967742,0.13333333333333333,0.23529411764705882,0.0,0.0,0.5,0.0,0.0
Tennys Sandgren,37.0,19.0,30.0,12.0,359.0,257.0,62.0,60.0,584.0,63.0,39.0,0.06335616438356165,0.02054794520547945,0.7158774373259053,0.4,0.1774193548387097,0.36666666666666664,0.0,0.0,0.5,0.0,0.25
Teymuraz Gabashvili,17.0,23.0,29.0,9.0,168.0,119.0,21.0,19.0,295.0,32.0,20.0,0.0576271186440678,0.030508474576271188,0.7083333333333334,0.631578947368421,0.2857142857142857,0.20689655172413793,0.0,0.0,0.0,0.0,0.0
Thai Son Kwiatkowski,10.0,6.0,13.0,14.0,138.0,91.0,9.0,9.0,221.0,18.0,8.0,0.04524886877828054,0.06334841628959276,0.6594202898550725,1.1111111111111112,0.7777777777777778,0.5384615384615384,0.0,0.0,0.0,0.0,0.0
Thanasi Kokkinakis,141.0,32.0,54.0,68.0,718.0,543.0,118.0,116.0,1234.0,108.0,75.0,0.11426256077795786,0.055105348460291734,0.7562674094707521,0.28448275862068967,0.1864406779661017,0.4074074074074074,0.4,0.0,0.6666666666666666,0.0,0.46153846153846156
Thiago Monteiro,191.0,134.0,222.0,114.0,2164.0,1499.0,411.0,416.0,3327.0,307.0,179.0,0.05740907724676886,0.034265103697024346,0.6926987060998152,0.3076923076923077,0.2141119221411192,0.3963963963963964,0.5,0.43478260869565216,0.16666666666666666,0.6666666666666666,0.26666666666666666
Thiemo De Bakker,42.0,17.0,25.0,6.0,234.0,177.0,56.0,56.0,364.0,40.0,26.0,0.11538461538461539,0.016483516483516484,0.7564102564102564,0.25,0.14285714285714285,0.32,0.0,0.5,0.0,0.0,0.5
Thien Nguyen Hoang,10.0,7.0,15.0,13.0,157.0,99.0,41.0,41.0,284.0,39.0,21.0,0.035211267605633804,0.045774647887323945,0.6305732484076433,0.43902439024390244,0.1951219512195122,0.5333333333333333,0.0,0.0,0.0,0.0,0.0
Thomas Fabbiano,28.0,94.0,137.0,59.0,817.0,524.0,134.0,127.0,1279.0,137.0,69.0,0.0218921032056294,0.046129788897576234,0.6413708690330477,0.5354330708661418,0.3208955223880597,0.31386861313868614,0.3333333333333333,0.0,0.23076923076923078,0.5,0.21428571428571427
Thomas Oger,7.0,7.0,12.0,3.0,41.0,28.0,12.0,13.0,71.0,8.0,3.0,0.09859154929577464,0.04225352112676056,0.6829268292682927,0.38461538461538464,0.4166666666666667,0.4166666666666667,0.0,0.0,0.0,0.0,0.0
Thomaz Bellucci,175.0,137.0,231.0,141.0,1647.0,1122.0,384.0,381.0,2813.0,253.0,139.0,0.06221116246000711,0.050124422324920016,0.6812386156648452,0.2992125984251969,0.24479166666666666,0.4069264069264069,0.0,0.5,0.16666666666666666,0.0,0.41935483870967744
Ti Chen,6.0,9.0,16.0,3.0,134.0,80.0,28.0,28.0,192.0,21.0,11.0,0.03125,0.015625,0.5970149253731343,0.35714285714285715,0.25,0.4375,0.0,0.0,0.0,0.0,0.0
Tilen Zitnik,6.0,3.0,8.0,13.0,78.0,51.0,22.0,21.0,140.0,15.0,7.0,0.04285714285714286,0.09285714285714286,0.6538461538461539,0.38095238095238093,0.22727272727272727,0.625,0.0,0.0,0.0,0.0,0.0
Tim Smyczek,38.0,38.0,57.0,17.0,341.0,230.0,87.0,84.0,591.0,49.0,18.0,0.06429780033840947,0.028764805414551606,0.6744868035190615,0.36904761904761907,0.21839080459770116,0.3333333333333333,0.0,0.0,0.125,0.0,0.2
Tobias Kamke,9.0,10.0,21.0,14.0,178.0,128.0,47.0,47.0,316.0,30.0,21.0,0.028481012658227847,0.04430379746835443,0.7191011235955056,0.19148936170212766,0.23404255319148937,0.5238095238095238,0.6666666666666666,0.0,0.0,1.0,0.3333333333333333
Tomas Berdych,415.0,174.0,303.0,128.0,2410.0,1892.0,484.0,494.0,4126.0,261.0,174.0,0.10058167716917112,0.031022782355792537,0.7850622406639004,0.17611336032388664,0.2665289256198347,0.42574257425742573,0.7272727272727273,0.6666666666666666,0.6296296296296297,0.7272727272727273,0.6428571428571429
Tomas Vaise,9.0,2.0,3.0,3.0,59.0,42.0,14.0,13.0,85.0,7.0,4.0,0.10588235294117647,0.03529411764705882,0.711864406779661,0.23076923076923078,0.07142857142857142,0.3333333333333333,0.0,0.0,0.0,0.0,0.0
Tomislav Brkic,3.0,11.0,14.0,3.0,67.0,53.0,17.0,17.0,112.0,8.0,5.0,0.026785714285714284,0.026785714285714284,0.7910447761194029,0.17647058823529413,0.17647058823529413,0.21428571428571427,0.0,0.0,1.0,0.0,1.0
Tomislav Ternar,2.0,1.0,1.0,3.0,33.0,24.0,9.0,9.0,55.0,4.0,1.0,0.03636363636363636,0.05454545454545454,0.7272727272727273,0.3333333333333333,0.0,0.0,0.0,0.0,0.0,0.0,0.0
Tommy Haas,95.0,73.0,103.0,82.0,1047.0,719.0,240.0,237.0,1710.0,162.0,111.0,0.05555555555555555,0.047953216374269005,0.6867239732569246,0.21518987341772153,0.125,0.2912621359223301,0.4,0.3333333333333333,0.0,0.0,0.35714285714285715
Tommy Paul,58.0,56.0,82.0,29.0,544.0,383.0,110.0,111.0,839.0,72.0,45.0,0.06912991656734208,0.03456495828367104,0.7040441176470589,0.24324324324324326,0.23636363636363636,0.3170731707317073,0.0,0.0,0.6,0.6666666666666666,0.5714285714285714
Tommy Robredo,38.0,45.0,85.0,28.0,781.0,496.0,155.0,153.0,1194.0,138.0,83.0,0.031825795644891124,0.023450586264656615,0.6350832266325224,0.35947712418300654,0.25806451612903225,0.47058823529411764,0.0,0.35714285714285715,0.3333333333333333,0.0,0.4
Tristan Lamasine,9.0,1.0,4.0,9.0,66.0,49.0,15.0,16.0,112.0,11.0,9.0,0.08035714285714286,0.08035714285714286,0.7424242424242424,0.125,0.2,0.75,0.0,0.0,0.0,0.0,0.0
Vaclav Safranek,4.0,4.0,4.0,6.0,58.0,34.0,0.0,0.0,95.0,15.0,10.0,0.042105263157894736,0.06315789473684211,0.5862068965517241,inf,0.0,0.0,0.0,0.0,0.0,0.0,0.0
Vasek Pospisil,202.0,73.0,114.0,60.0,992.0,753.0,255.0,255.0,1748.0,136.0,81.0,0.11556064073226545,0.034324942791762014,0.7590725806451613,0.21568627450980393,0.1607843137254902,0.35964912280701755,0.42857142857142855,0.0,0.35714285714285715,0.3333333333333333,0.3888888888888889
Victor Estrella,72.0,67.0,99.0,52.0,1042.0,719.0,190.0,189.0,1586.0,140.0,86.0,0.04539722572509458,0.03278688524590164,0.6900191938579654,0.2857142857142857,0.16842105263157894,0.32323232323232326,0.0,0.5384615384615384,0.5,0.5,0.46153846153846156
Viktor Durasovic,15.0,21.0,29.0,16.0,167.0,127.0,39.0,39.0,275.0,24.0,17.0,0.05454545454545454,0.05818181818181818,0.7604790419161677,0.1794871794871795,0.20512820512820512,0.27586206896551724,0.0,0.0,0.0,0.0,0.5
Viktor Galovic,7.0,4.0,9.0,5.0,37.0,30.0,13.0,13.0,64.0,6.0,2.0,0.109375,0.078125,0.8108108108108109,0.3076923076923077,0.38461538461538464,0.5555555555555556,0.0,1.0,0.0,0.0,1.0
Viktor Troicki,346.0,207.0,325.0,169.0,2384.0,1739.0,538.0,529.0,3925.0,360.0,214.0,0.08815286624203822,0.043057324840764334,0.7294463087248322,0.27599243856332706,0.21933085501858737,0.3630769230769231,0.2,0.5454545454545454,0.4722222222222222,0.5714285714285714,0.4318181818181818
Vincent Millot,38.0,26.0,50.0,30.0,435.0,289.0,78.0,78.0,679.0,84.0,54.0,0.055964653902798235,0.044182621502209134,0.664367816091954,0.38461538461538464,0.3076923076923077,0.48,0.0,0.0,0.2857142857142857,1.0,0.16666666666666666
Vladimir Ivanov,11.0,4.0,5.0,8.0,88.0,69.0,24.0,24.0,154.0,15.0,11.0,0.07142857142857142,0.05194805194805195,0.7840909090909091,0.16666666666666666,0.041666666666666664,0.2,0.0,0.0,0.0,0.0,0.5
Wilfredo Gonzalez,16.0,18.0,27.0,13.0,143.0,105.0,31.0,31.0,212.0,19.0,14.0,0.07547169811320754,0.06132075471698113,0.7342657342657343,0.16129032258064516,0.2903225806451613,0.3333333333333333,0.0,0.0,1.0,1.0,1.0
Wishaya Trongcharoenchaikul,70.0,41.0,62.0,50.0,417.0,316.0,116.0,117.0,747.0,62.0,40.0,0.09370816599732262,0.06693440428380187,0.7577937649880095,0.18803418803418803,0.1810344827586207,0.3387096774193548,0.5,0.0,1.0,0.0,0.5
Yannick Hanfmann,64.0,59.0,95.0,27.0,629.0,430.0,154.0,151.0,998.0,93.0,59.0,0.06412825651302605,0.027054108216432865,0.6836248012718601,0.2251655629139073,0.23376623376623376,0.37894736842105264,0.5,0.6,0.0,0.6666666666666666,0.5
Yannick Maden,9.0,14.0,21.0,2.0,128.0,90.0,31.0,30.0,203.0,16.0,9.0,0.04433497536945813,0.009852216748768473,0.703125,0.23333333333333334,0.22580645161290322,0.3333333333333333,0.0,0.0,0.5,0.0,0.5
Yaraslau Shyla,19.0,5.0,8.0,3.0,122.0,96.0,30.0,29.0,190.0,15.0,12.0,0.1,0.015789473684210527,0.7868852459016393,0.10344827586206896,0.1,0.375,0.0,0.0,0.5,0.0,0.5
Yasutaka Uchiyama,28.0,22.0,27.0,3.0,153.0,119.0,44.0,44.0,247.0,9.0,5.0,0.11336032388663968,0.012145748987854251,0.7777777777777778,0.09090909090909091,0.11363636363636363,0.18518518518518517,0.0,0.0,0.5,0.0,0.5
Yen Hsun Lu,120.0,114.0,182.0,90.0,1050.0,763.0,213.0,216.0,1787.0,142.0,78.0,0.06715165081141578,0.05036373810856184,0.7266666666666667,0.2962962962962963,0.3192488262910798,0.37362637362637363,0.0,0.0,0.42857142857142855,1.0,0.36363636363636365
Yibing Wu,21.0,18.0,27.0,9.0,188.0,129.0,46.0,46.0,344.0,30.0,20.0,0.061046511627906974,0.02616279069767442,0.6861702127659575,0.21739130434782608,0.1956521739130435,0.3333333333333333,0.0,0.0,0.0,0.0,0.5
Yoshihito Nishioka,22.0,74.0,129.0,34.0,856.0,551.0,202.0,199.0,1354.0,144.0,89.0,0.01624815361890694,0.025110782865583457,0.6436915887850467,0.27638190954773867,0.2722772277227723,0.4263565891472868,0.0,0.0,0.5,0.5,0.5
Yshai Oliel,0.0,2.0,3.0,3.0,75.0,31.0,18.0,18.0,111.0,21.0,8.0,0.0,0.02702702702702703,0.41333333333333333,0.7222222222222222,0.05555555555555555,0.3333333333333333,0.0,0.0,0.0,0.0,0.0
Yuichi Sugita,124.0,146.0,255.0,85.0,1747.0,1187.0,342.0,339.0,2795.0,263.0,158.0,0.0443649373881932,0.03041144901610018,0.6794504865483686,0.30973451327433627,0.31871345029239767,0.42745098039215684,0.6666666666666666,0.5,0.5652173913043478,0.5714285714285714,0.5666666666666667
Yuki Bhambri,33.0,61.0,102.0,32.0,616.0,429.0,148.0,147.0,915.0,70.0,43.0,0.036065573770491806,0.034972677595628415,0.6964285714285714,0.1836734693877551,0.27702702702702703,0.4019607843137255,0.0,0.0,0.6,0.5,0.6666666666666666
Yusuke Takahashi,4.0,6.0,10.0,2.0,43.0,28.0,15.0,15.0,87.0,9.0,4.0,0.04597701149425287,0.022988505747126436,0.6511627906976745,0.3333333333333333,0.26666666666666666,0.4,0.0,0.0,0.0,0.0,0.0
Ze Zhang,19.0,26.0,34.0,20.0,222.0,157.0,58.0,56.0,336.0,28.0,11.0,0.05654761904761905,0.05952380952380952,0.7072072072072072,0.30357142857142855,0.13793103448275862,0.23529411764705882,0.0,0.5,0.0,0.0,0.2
Zhe Li,22.0,16.0,29.0,6.0,185.0,130.0,44.0,44.0,277.0,22.0,13.0,0.07942238267148015,0.021660649819494584,0.7027027027027027,0.20454545454545456,0.29545454545454547,0.4482758620689655,0.0,0.0,0.0,0.0,1.0
Zhizhen Zhang,24.0,16.0,27.0,10.0,202.0,151.0,51.0,53.0,345.0,25.0,16.0,0.06956521739130435,0.028985507246376812,0.7475247524752475,0.16981132075471697,0.21568627450980393,0.4074074074074074,0.0,0.0,0.6666666666666666,0.0,0.6666666666666666
